timestamp_pacific,event_id,event,direction,command,result,argument,source,opcode1,opcode2,nak_code,nak_reason,operational_state,operational_state_name,intermediate_response_code,intermediate_response_name,details
2026-07-28T18:43:28.154-07:00,,controller_started,internal,controller,started,,controller,,,,,,,,,
2026-07-28T18:43:28.160-07:00,,serial_open,internal,serial_port,ok,/dev/ttyUSB0,controller,,,,,,,,,
2026-07-28T18:43:28.160-07:00,,communication_started,internal,cta2045,started,,controller,,,,,,,,,
2026-07-28T18:43:28.160-07:00,,query_sent,outbound,device_information,pending,,startup,1,1,,,,,,,
2026-07-28T18:43:28.318-07:00,,link_ack,inbound,device_information,ack,,link_layer,,,,,,,,,
2026-07-28T18:43:28.446-07:00,,intermediate_response,inbound,device_information,success,,device_response,1,129,,,,,0,success,
2026-07-28T18:43:28.486-07:00,,query_completed,outbound,device_information,ok,,startup,1,1,,,,,0,success,
2026-07-28T18:43:28.487-07:00,,query_sent,outbound,get_commodity,pending,,periodic,6,0,,,,,,,
2026-07-28T18:43:28.637-07:00,,link_ack,inbound,get_commodity,ack,,link_layer,6,,,,,,,,
2026-07-28T18:43:28.765-07:00,,intermediate_response,inbound,get_commodity,success,,device_response,6,128,,,,,0,success,
2026-07-28T18:43:28.806-07:00,,query_completed,outbound,get_commodity,ok,,periodic,6,0,,,,,0,success,
2026-07-28T18:43:28.806-07:00,,query_sent,outbound,query_operational_state,pending,,periodic,18,0,,,,,,,
2026-07-28T18:43:28.957-07:00,,link_ack,inbound,query_operational_state,ack,,link_layer,18,,,,,,,,
2026-07-28T18:43:29.069-07:00,,operational_state,inbound,query_operational_state,received,,device_response,19,0,,,0,Idle Normal,,,
2026-07-28T18:43:29.110-07:00,,query_completed,outbound,query_operational_state,ok,,periodic,18,0,,,,,,,
2026-07-28T18:43:30.110-07:00,auto_outside_comm_for_shed_1,command_sent,outbound,outside_communication,pending,0,schedule,14,0,,,,,,,
2026-07-28T18:43:30.157-07:00,,link_ack,inbound,outside_communication,ack,,link_layer,14,,,,,,,,
2026-07-28T18:43:30.269-07:00,,application_ack,inbound,outside_communication,ack,,application_layer,3,14,,,,,,,
2026-07-28T18:43:30.309-07:00,auto_outside_comm_for_shed_1,command_completed,outbound,outside_communication,ok,0,schedule,14,0,,,,,,,
2026-07-28T18:43:44.319-07:00,shed_1,command_sent,outbound,shed,pending,0,schedule,1,0,,,,,,,
2026-07-28T18:43:44.395-07:00,,link_ack,inbound,shed,ack,,link_layer,1,,,,,,,,
2026-07-28T18:43:44.491-07:00,,application_ack,inbound,shed,ack,,application_layer,3,1,,,,,,,
2026-07-28T18:43:44.531-07:00,shed_1,command_completed,outbound,shed,ok,0,schedule,1,0,,,,,,,
2026-07-28T18:44:28.561-07:00,,query_sent,outbound,get_commodity,pending,,periodic,6,0,,,,,,,
2026-07-28T18:44:28.659-07:00,,link_ack,inbound,get_commodity,ack,,link_layer,6,,,,,,,,
2026-07-28T18:44:28.787-07:00,,intermediate_response,inbound,get_commodity,success,,device_response,6,128,,,,,0,success,
2026-07-28T18:44:28.829-07:00,,query_completed,outbound,get_commodity,ok,,periodic,6,0,,,,,0,success,
2026-07-28T18:44:28.830-07:00,,query_sent,outbound,query_operational_state,pending,,periodic,18,0,,,,,,,
2026-07-28T18:44:28.979-07:00,,link_ack,inbound,query_operational_state,ack,,link_layer,18,,,,,,,,
2026-07-28T18:44:29.091-07:00,,operational_state,inbound,query_operational_state,received,,device_response,19,4,,,4,Idle Curtailed,,,
2026-07-28T18:44:29.132-07:00,,query_completed,outbound,query_operational_state,ok,,periodic,18,0,,,,,,,
2026-07-28T18:45:29.170-07:00,,query_sent,outbound,get_commodity,pending,,periodic,6,0,,,,,,,
2026-07-28T18:45:29.304-07:00,,link_ack,inbound,get_commodity,ack,,link_layer,6,,,,,,,,
2026-07-28T18:45:29.432-07:00,,intermediate_response,inbound,get_commodity,success,,device_response,6,128,,,,,0,success,
2026-07-28T18:45:29.475-07:00,,query_completed,outbound,get_commodity,ok,,periodic,6,0,,,,,0,success,
2026-07-28T18:45:29.475-07:00,,query_sent,outbound,query_operational_state,pending,,periodic,18,0,,,,,,,
2026-07-28T18:45:29.624-07:00,,link_ack,inbound,query_operational_state,ack,,link_layer,18,,,,,,,,
2026-07-28T18:45:29.736-07:00,,operational_state,inbound,query_operational_state,received,,device_response,19,4,,,4,Idle Curtailed,,,
2026-07-28T18:45:29.777-07:00,,query_completed,outbound,query_operational_state,ok,,periodic,18,0,,,,,,,
2026-07-28T18:46:28.815-07:00,,query_sent,outbound,get_commodity,pending,,periodic,6,0,,,,,,,
2026-07-28T18:46:28.942-07:00,,link_ack,inbound,get_commodity,ack,,link_layer,6,,,,,,,,
2026-07-28T18:46:29.070-07:00,,intermediate_response,inbound,get_commodity,success,,device_response,6,128,,,,,0,success,
2026-07-28T18:46:29.112-07:00,,query_completed,outbound,get_commodity,ok,,periodic,6,0,,,,,0,success,
2026-07-28T18:46:29.112-07:00,,query_sent,outbound,query_operational_state,pending,,periodic,18,0,,,,,,,
2026-07-28T18:46:29.262-07:00,,link_ack,inbound,query_operational_state,ack,,link_layer,18,,,,,,,,
2026-07-28T18:46:29.358-07:00,,operational_state,inbound,query_operational_state,received,,device_response,19,4,,,4,Idle Curtailed,,,
2026-07-28T18:46:29.398-07:00,,query_completed,outbound,query_operational_state,ok,,periodic,18,0,,,,,,,
2026-07-28T18:46:30.399-07:00,auto_outside_comm_for_advanced_load_up_1,command_sent,outbound,outside_communication,pending,0,schedule,14,0,,,,,,,
2026-07-28T18:46:30.446-07:00,,link_ack,inbound,outside_communication,ack,,link_layer,14,,,,,,,,
2026-07-28T18:46:30.558-07:00,,application_ack,inbound,outside_communication,ack,,application_layer,3,14,,,,,,,
2026-07-28T18:46:30.598-07:00,auto_outside_comm_for_advanced_load_up_1,command_completed,outbound,outside_communication,ok,0,schedule,14,0,,,,,,,
2026-07-28T18:46:44.608-07:00,advanced_load_up_1,command_sent,outbound,advanced_load_up,pending,duration_minutes=0;value=5;units=2,schedule,12,,,,,,,,
2026-07-28T18:46:44.683-07:00,,link_nak,inbound,advanced_load_up,nak,,link_layer,12,,7,Request not supported,,,,,
2026-07-28T18:46:44.683-07:00,advanced_load_up_1,command_completed,outbound,advanced_load_up,nak,duration_minutes=0;value=5;units=2,schedule,12,,,,,,,,
2026-07-28T18:47:28.712-07:00,,query_sent,outbound,get_commodity,pending,,periodic,6,0,,,,,,,
2026-07-28T18:47:28.819-07:00,,link_ack,inbound,get_commodity,ack,,link_layer,6,,,,,,,,
2026-07-28T18:47:28.947-07:00,,intermediate_response,inbound,get_commodity,success,,device_response,6,128,,,,,0,success,
2026-07-28T18:47:28.990-07:00,,query_completed,outbound,get_commodity,ok,,periodic,6,0,,,,,0,success,
2026-07-28T18:47:28.990-07:00,,query_sent,outbound,query_operational_state,pending,,periodic,18,0,,,,,,,
2026-07-28T18:47:29.139-07:00,,link_ack,inbound,query_operational_state,ack,,link_layer,18,,,,,,,,
2026-07-28T18:47:29.251-07:00,,operational_state,inbound,query_operational_state,received,,device_response,19,4,,,4,Idle Curtailed,,,
2026-07-28T18:47:29.292-07:00,,query_completed,outbound,query_operational_state,ok,,periodic,18,0,,,,,,,
2026-07-28T18:48:29.329-07:00,,query_sent,outbound,get_commodity,pending,,periodic,6,0,,,,,,,
2026-07-28T18:48:29.464-07:00,,link_ack,inbound,get_commodity,ack,,link_layer,6,,,,,,,,
2026-07-28T18:48:29.592-07:00,,intermediate_response,inbound,get_commodity,success,,device_response,6,128,,,,,0,success,
2026-07-28T18:48:29.635-07:00,,query_completed,outbound,get_commodity,ok,,periodic,6,0,,,,,0,success,
2026-07-28T18:48:29.635-07:00,,query_sent,outbound,query_operational_state,pending,,periodic,18,0,,,,,,,
2026-07-28T18:48:29.784-07:00,,link_ack,inbound,query_operational_state,ack,,link_layer,18,,,,,,,,
2026-07-28T18:48:29.880-07:00,,operational_state,inbound,query_operational_state,received,,device_response,19,4,,,4,Idle Curtailed,,,
2026-07-28T18:48:29.921-07:00,,query_completed,outbound,query_operational_state,ok,,periodic,18,0,,,,,,,
2026-07-28T18:49:28.957-07:00,,query_sent,outbound,get_commodity,pending,,periodic,6,0,,,,,,,
2026-07-28T18:49:29.086-07:00,,link_ack,inbound,get_commodity,ack,,link_layer,6,,,,,,,,
2026-07-28T18:49:29.214-07:00,,intermediate_response,inbound,get_commodity,success,,device_response,6,128,,,,,0,success,
2026-07-28T18:49:29.256-07:00,,query_completed,outbound,get_commodity,ok,,periodic,6,0,,,,,0,success,
2026-07-28T18:49:29.256-07:00,,query_sent,outbound,query_operational_state,pending,,periodic,18,0,,,,,,,
2026-07-28T18:49:29.405-07:00,,link_ack,inbound,query_operational_state,ack,,link_layer,18,,,,,,,,
2026-07-28T18:49:29.501-07:00,,operational_state,inbound,query_operational_state,received,,device_response,19,4,,,4,Idle Curtailed,,,
2026-07-28T18:49:29.542-07:00,,query_completed,outbound,query_operational_state,ok,,periodic,18,0,,,,,,,
2026-07-28T18:49:30.543-07:00,auto_outside_comm_for_run_normal_1,command_sent,outbound,outside_communication,pending,0,schedule,14,0,,,,,,,
2026-07-28T18:49:30.589-07:00,,link_ack,inbound,outside_communication,ack,,link_layer,14,,,,,,,,
2026-07-28T18:49:30.701-07:00,,application_ack,inbound,outside_communication,ack,,application_layer,3,14,,,,,,,
2026-07-28T18:49:30.742-07:00,auto_outside_comm_for_run_normal_1,command_completed,outbound,outside_communication,ok,0,schedule,14,0,,,,,,,
2026-07-28T18:49:44.751-07:00,run_normal_1,command_sent,outbound,run_normal,pending,0,schedule,2,0,,,,,,,
2026-07-28T18:49:44.827-07:00,,link_ack,inbound,run_normal,ack,,link_layer,2,,,,,,,,
2026-07-28T18:49:44.923-07:00,,application_ack,inbound,run_normal,ack,,application_layer,3,2,,,,,,,
2026-07-28T18:49:44.963-07:00,run_normal_1,command_completed,outbound,run_normal,ok,0,schedule,2,0,,,,,,,
2026-07-28T18:50:28.990-07:00,,query_sent,outbound,get_commodity,pending,,periodic,6,0,,,,,,,
2026-07-28T18:50:29.107-07:00,,link_ack,inbound,get_commodity,ack,,link_layer,6,,,,,,,,
2026-07-28T18:50:29.219-07:00,,intermediate_response,inbound,get_commodity,success,,device_response,6,128,,,,,0,success,
2026-07-28T18:50:29.261-07:00,,query_completed,outbound,get_commodity,ok,,periodic,6,0,,,,,0,success,
2026-07-28T18:50:29.261-07:00,,query_sent,outbound,query_operational_state,pending,,periodic,18,0,,,,,,,
2026-07-28T18:50:29.411-07:00,,link_ack,inbound,query_operational_state,ack,,link_layer,18,,,,,,,,
2026-07-28T18:50:29.507-07:00,,operational_state,inbound,query_operational_state,received,,device_response,19,0,,,0,Idle Normal,,,
2026-07-28T18:50:29.547-07:00,,query_completed,outbound,query_operational_state,ok,,periodic,18,0,,,,,,,
2026-07-28T18:51:28.581-07:00,,query_sent,outbound,get_commodity,pending,,periodic,6,0,,,,,,,
2026-07-28T18:51:28.712-07:00,,link_ack,inbound,get_commodity,ack,,link_layer,6,,,,,,,,
2026-07-28T18:51:28.840-07:00,,intermediate_response,inbound,get_commodity,success,,device_response,6,128,,,,,0,success,
2026-07-28T18:51:28.883-07:00,,query_completed,outbound,get_commodity,ok,,periodic,6,0,,,,,0,success,
2026-07-28T18:51:28.883-07:00,,query_sent,outbound,query_operational_state,pending,,periodic,18,0,,,,,,,
2026-07-28T18:51:29.032-07:00,,link_ack,inbound,query_operational_state,ack,,link_layer,18,,,,,,,,
2026-07-28T18:51:29.144-07:00,,operational_state,inbound,query_operational_state,received,,device_response,19,0,,,0,Idle Normal,,,
2026-07-28T18:51:29.185-07:00,,query_completed,outbound,query_operational_state,ok,,periodic,18,0,,,,,,,
2026-07-28T18:51:30.185-07:00,auto_outside_comm_for_load_up_1,command_sent,outbound,outside_communication,pending,0,schedule,14,0,,,,,,,
2026-07-28T18:51:30.232-07:00,,link_ack,inbound,outside_communication,ack,,link_layer,14,,,,,,,,
2026-07-28T18:51:30.344-07:00,,application_ack,inbound,outside_communication,ack,,application_layer,3,14,,,,,,,
2026-07-28T18:51:30.384-07:00,auto_outside_comm_for_load_up_1,command_completed,outbound,outside_communication,ok,0,schedule,14,0,,,,,,,
2026-07-28T18:51:44.393-07:00,load_up_1,command_sent,outbound,load_up,pending,0,schedule,23,0,,,,,,,
2026-07-28T18:51:44.469-07:00,,link_ack,inbound,load_up,ack,,link_layer,23,,,,,,,,
2026-07-28T18:51:44.565-07:00,,application_ack,inbound,load_up,ack,,application_layer,3,23,,,,,,,
2026-07-28T18:51:44.606-07:00,load_up_1,command_completed,outbound,load_up,ok,0,schedule,23,0,,,,,,,
2026-07-28T18:52:28.630-07:00,,query_sent,outbound,get_commodity,pending,,periodic,6,0,,,,,,,
2026-07-28T18:52:28.749-07:00,,link_ack,inbound,get_commodity,ack,,link_layer,6,,,,,,,,
2026-07-28T18:52:28.877-07:00,,intermediate_response,inbound,get_commodity,success,,device_response,6,128,,,,,0,success,
2026-07-28T18:52:28.920-07:00,,query_completed,outbound,get_commodity,ok,,periodic,6,0,,,,,0,success,
2026-07-28T18:52:28.920-07:00,,query_sent,outbound,query_operational_state,pending,,periodic,18,0,,,,,,,
2026-07-28T18:52:29.069-07:00,,link_ack,inbound,query_operational_state,ack,,link_layer,18,,,,,,,,
2026-07-28T18:52:29.165-07:00,,operational_state,inbound,query_operational_state,received,,device_response,19,4,,,4,Idle Curtailed,,,
2026-07-28T18:52:29.206-07:00,,query_completed,outbound,query_operational_state,ok,,periodic,18,0,,,,,,,
2026-07-28T18:53:29.237-07:00,,query_sent,outbound,get_commodity,pending,,periodic,6,0,,,,,,,
2026-07-28T18:53:29.378-07:00,,link_ack,inbound,get_commodity,ack,,link_layer,6,,,,,,,,
2026-07-28T18:53:29.507-07:00,,intermediate_response,inbound,get_commodity,success,,device_response,6,128,,,,,0,success,
2026-07-28T18:53:29.549-07:00,,query_completed,outbound,get_commodity,ok,,periodic,6,0,,,,,0,success,
2026-07-28T18:53:29.549-07:00,,query_sent,outbound,query_operational_state,pending,,periodic,18,0,,,,,,,
2026-07-28T18:53:29.698-07:00,,link_ack,inbound,query_operational_state,ack,,link_layer,18,,,,,,,,
2026-07-28T18:53:29.810-07:00,,operational_state,inbound,query_operational_state,received,,device_response,19,4,,,4,Idle Curtailed,,,
2026-07-28T18:53:29.851-07:00,,query_completed,outbound,query_operational_state,ok,,periodic,18,0,,,,,,,
2026-07-28T18:54:28.881-07:00,,query_sent,outbound,get_commodity,pending,,periodic,6,0,,,,,,,
2026-07-28T18:54:29.016-07:00,,link_ack,inbound,get_commodity,ack,,link_layer,6,,,,,,,,
2026-07-28T18:54:29.144-07:00,,intermediate_response,inbound,get_commodity,success,,device_response,6,128,,,,,0,success,
2026-07-28T18:54:29.186-07:00,,query_completed,outbound,get_commodity,ok,,periodic,6,0,,,,,0,success,
2026-07-28T18:54:29.187-07:00,,query_sent,outbound,query_operational_state,pending,,periodic,18,0,,,,,,,
2026-07-28T18:54:29.336-07:00,,link_ack,inbound,query_operational_state,ack,,link_layer,18,,,,,,,,
2026-07-28T18:54:29.448-07:00,,operational_state,inbound,query_operational_state,received,,device_response,19,4,,,4,Idle Curtailed,,,
2026-07-28T18:54:29.488-07:00,,query_completed,outbound,query_operational_state,ok,,periodic,18,0,,,,,,,
2026-07-28T18:55:28.519-07:00,,query_sent,outbound,get_commodity,pending,,periodic,6,0,,,,,,,
2026-07-28T18:55:28.653-07:00,,link_ack,inbound,get_commodity,ack,,link_layer,6,,,,,,,,
2026-07-28T18:55:28.781-07:00,,intermediate_response,inbound,get_commodity,success,,device_response,6,128,,,,,0,success,
2026-07-28T18:55:28.824-07:00,,query_completed,outbound,get_commodity,ok,,periodic,6,0,,,,,0,success,
2026-07-28T18:55:28.824-07:00,,query_sent,outbound,query_operational_state,pending,,periodic,18,0,,,,,,,
2026-07-28T18:55:28.973-07:00,,link_ack,inbound,query_operational_state,ack,,link_layer,18,,,,,,,,
2026-07-28T18:55:29.085-07:00,,operational_state,inbound,query_operational_state,received,,device_response,19,4,,,4,Idle Curtailed,,,
2026-07-28T18:55:29.126-07:00,,query_completed,outbound,query_operational_state,ok,,periodic,18,0,,,,,,,
2026-07-28T18:56:29.158-07:00,,query_sent,outbound,get_commodity,pending,,periodic,6,0,,,,,,,
2026-07-28T18:56:29.298-07:00,,link_ack,inbound,get_commodity,ack,,link_layer,6,,,,,,,,
2026-07-28T18:56:29.426-07:00,,intermediate_response,inbound,get_commodity,success,,device_response,6,128,,,,,0,success,
2026-07-28T18:56:29.469-07:00,,query_completed,outbound,get_commodity,ok,,periodic,6,0,,,,,0,success,
2026-07-28T18:56:29.469-07:00,,query_sent,outbound,query_operational_state,pending,,periodic,18,0,,,,,,,
2026-07-28T18:56:29.618-07:00,,link_ack,inbound,query_operational_state,ack,,link_layer,18,,,,,,,,
2026-07-28T18:56:29.730-07:00,,operational_state,inbound,query_operational_state,received,,device_response,19,4,,,4,Idle Curtailed,,,
2026-07-28T18:56:29.771-07:00,,query_completed,outbound,query_operational_state,ok,,periodic,18,0,,,,,,,
2026-07-28T18:57:28.802-07:00,,query_sent,outbound,get_commodity,pending,,periodic,6,0,,,,,,,
2026-07-28T18:57:28.936-07:00,,link_ack,inbound,get_commodity,ack,,link_layer,6,,,,,,,,
2026-07-28T18:57:29.064-07:00,,intermediate_response,inbound,get_commodity,success,,device_response,6,128,,,,,0,success,
2026-07-28T18:57:29.106-07:00,,query_completed,outbound,get_commodity,ok,,periodic,6,0,,,,,0,success,
2026-07-28T18:57:29.106-07:00,,query_sent,outbound,query_operational_state,pending,,periodic,18,0,,,,,,,
2026-07-28T18:57:29.255-07:00,,link_ack,inbound,query_operational_state,ack,,link_layer,18,,,,,,,,
2026-07-28T18:57:29.367-07:00,,operational_state,inbound,query_operational_state,received,,device_response,19,4,,,4,Idle Curtailed,,,
2026-07-28T18:57:29.408-07:00,,query_completed,outbound,query_operational_state,ok,,periodic,18,0,,,,,,,
2026-07-28T18:57:30.409-07:00,auto_outside_comm_for_shed_2,command_sent,outbound,outside_communication,pending,0,schedule,14,0,,,,,,,
2026-07-28T18:57:30.455-07:00,,link_ack,inbound,outside_communication,ack,,link_layer,14,,,,,,,,
2026-07-28T18:57:30.567-07:00,,application_ack,inbound,outside_communication,ack,,application_layer,3,14,,,,,,,
2026-07-28T18:57:30.608-07:00,auto_outside_comm_for_shed_2,command_completed,outbound,outside_communication,ok,0,schedule,14,0,,,,,,,
2026-07-28T18:57:44.616-07:00,shed_2,command_sent,outbound,shed,pending,0,schedule,1,0,,,,,,,
2026-07-28T18:57:44.677-07:00,,link_ack,inbound,shed,ack,,link_layer,1,,,,,,,,
2026-07-28T18:57:44.789-07:00,,application_ack,inbound,shed,ack,,application_layer,3,1,,,,,,,
2026-07-28T18:57:44.829-07:00,shed_2,command_completed,outbound,shed,ok,0,schedule,1,0,,,,,,,
2026-07-28T18:58:28.852-07:00,,query_sent,outbound,get_commodity,pending,,periodic,6,0,,,,,,,
2026-07-28T18:58:28.973-07:00,,link_ack,inbound,get_commodity,ack,,link_layer,6,,,,,,,,
2026-07-28T18:58:29.085-07:00,,intermediate_response,inbound,get_commodity,success,,device_response,6,128,,,,,0,success,
2026-07-28T18:58:29.128-07:00,,query_completed,outbound,get_commodity,ok,,periodic,6,0,,,,,0,success,
2026-07-28T18:58:29.128-07:00,,query_sent,outbound,query_operational_state,pending,,periodic,18,0,,,,,,,
2026-07-28T18:58:29.277-07:00,,link_ack,inbound,query_operational_state,ack,,link_layer,18,,,,,,,,
2026-07-28T18:58:29.389-07:00,,operational_state,inbound,query_operational_state,received,,device_response,19,4,,,4,Idle Curtailed,,,
2026-07-28T18:58:29.430-07:00,,query_completed,outbound,query_operational_state,ok,,periodic,18,0,,,,,,,
2026-07-28T18:59:29.459-07:00,,query_sent,outbound,get_commodity,pending,,periodic,6,0,,,,,,,
2026-07-28T18:59:29.586-07:00,,link_ack,inbound,get_commodity,ack,,link_layer,6,,,,,,,,
2026-07-28T18:59:29.714-07:00,,intermediate_response,inbound,get_commodity,success,,device_response,6,128,,,,,0,success,
2026-07-28T18:59:29.757-07:00,,query_completed,outbound,get_commodity,ok,,periodic,6,0,,,,,0,success,
2026-07-28T18:59:29.757-07:00,,query_sent,outbound,query_operational_state,pending,,periodic,18,0,,,,,,,
2026-07-28T18:59:29.906-07:00,,link_ack,inbound,query_operational_state,ack,,link_layer,18,,,,,,,,
2026-07-28T18:59:30.002-07:00,,operational_state,inbound,query_operational_state,received,,device_response,19,4,,,4,Idle Curtailed,,,
2026-07-28T18:59:30.043-07:00,,query_completed,outbound,query_operational_state,ok,,periodic,18,0,,,,,,,
2026-07-28T19:00:29.071-07:00,,query_sent,outbound,get_commodity,pending,,periodic,6,0,,,,,,,
2026-07-28T19:00:29.208-07:00,,link_ack,inbound,get_commodity,ack,,link_layer,6,,,,,,,,
2026-07-28T19:00:29.319-07:00,,intermediate_response,inbound,get_commodity,success,,device_response,6,128,,,,,0,success,
2026-07-28T19:00:29.361-07:00,,query_completed,outbound,get_commodity,ok,,periodic,6,0,,,,,0,success,
2026-07-28T19:00:29.361-07:00,,query_sent,outbound,query_operational_state,pending,,periodic,18,0,,,,,,,
2026-07-28T19:00:29.511-07:00,,link_ack,inbound,query_operational_state,ack,,link_layer,18,,,,,,,,
2026-07-28T19:00:29.607-07:00,,operational_state,inbound,query_operational_state,received,,device_response,19,4,,,4,Idle Curtailed,,,
2026-07-28T19:00:29.648-07:00,,query_completed,outbound,query_operational_state,ok,,periodic,18,0,,,,,,,
2026-07-28T19:01:28.678-07:00,,query_sent,outbound,get_commodity,pending,,periodic,6,0,,,,,,,
2026-07-28T19:01:28.813-07:00,,link_ack,inbound,get_commodity,ack,,link_layer,6,,,,,,,,
2026-07-28T19:01:28.941-07:00,,intermediate_response,inbound,get_commodity,success,,device_response,6,128,,,,,0,success,
2026-07-28T19:01:28.983-07:00,,query_completed,outbound,get_commodity,ok,,periodic,6,0,,,,,0,success,
2026-07-28T19:01:28.983-07:00,,query_sent,outbound,query_operational_state,pending,,periodic,18,0,,,,,,,
2026-07-28T19:01:29.133-07:00,,link_ack,inbound,query_operational_state,ack,,link_layer,18,,,,,,,,
2026-07-28T19:01:29.229-07:00,,operational_state,inbound,query_operational_state,received,,device_response,19,4,,,4,Idle Curtailed,,,
2026-07-28T19:01:29.270-07:00,,query_completed,outbound,query_operational_state,ok,,periodic,18,0,,,,,,,
2026-07-28T19:02:29.300-07:00,,query_sent,outbound,get_commodity,pending,,periodic,6,0,,,,,,,
2026-07-28T19:02:29.442-07:00,,link_ack,inbound,get_commodity,ack,,link_layer,6,,,,,,,,
2026-07-28T19:02:29.554-07:00,,intermediate_response,inbound,get_commodity,success,,device_response,6,128,,,,,0,success,
2026-07-28T19:02:29.597-07:00,,query_completed,outbound,get_commodity,ok,,periodic,6,0,,,,,0,success,
2026-07-28T19:02:29.597-07:00,,query_sent,outbound,query_operational_state,pending,,periodic,18,0,,,,,,,
2026-07-28T19:02:29.746-07:00,,link_ack,inbound,query_operational_state,ack,,link_layer,18,,,,,,,,
2026-07-28T19:02:29.858-07:00,,operational_state,inbound,query_operational_state,received,,device_response,19,4,,,4,Idle Curtailed,,,
2026-07-28T19:02:29.899-07:00,,query_completed,outbound,query_operational_state,ok,,periodic,18,0,,,,,,,
2026-07-28T19:03:28.928-07:00,,query_sent,outbound,get_commodity,pending,,periodic,6,0,,,,,,,
2026-07-28T19:03:29.064-07:00,,link_ack,inbound,get_commodity,ack,,link_layer,6,,,,,,,,
2026-07-28T19:03:29.192-07:00,,intermediate_response,inbound,get_commodity,success,,device_response,6,128,,,,,0,success,
2026-07-28T19:03:29.234-07:00,,query_completed,outbound,get_commodity,ok,,periodic,6,0,,,,,0,success,
2026-07-28T19:03:29.235-07:00,,query_sent,outbound,query_operational_state,pending,,periodic,18,0,,,,,,,
2026-07-28T19:03:29.383-07:00,,link_ack,inbound,query_operational_state,ack,,link_layer,18,,,,,,,,
2026-07-28T19:03:29.495-07:00,,operational_state,inbound,query_operational_state,received,,device_response,19,4,,,4,Idle Curtailed,,,
2026-07-28T19:03:29.536-07:00,,query_completed,outbound,query_operational_state,ok,,periodic,18,0,,,,,,,
2026-07-28T19:04:28.565-07:00,,query_sent,outbound,get_commodity,pending,,periodic,6,0,,,,,,,
2026-07-28T19:04:28.701-07:00,,link_ack,inbound,get_commodity,ack,,link_layer,6,,,,,,,,
2026-07-28T19:04:28.829-07:00,,intermediate_response,inbound,get_commodity,success,,device_response,6,128,,,,,0,success,
2026-07-28T19:04:28.871-07:00,,query_completed,outbound,get_commodity,ok,,periodic,6,0,,,,,0,success,
2026-07-28T19:04:28.871-07:00,,query_sent,outbound,query_operational_state,pending,,periodic,18,0,,,,,,,
2026-07-28T19:04:29.021-07:00,,link_ack,inbound,query_operational_state,ack,,link_layer,18,,,,,,,,
2026-07-28T19:04:29.133-07:00,,operational_state,inbound,query_operational_state,received,,device_response,19,4,,,4,Idle Curtailed,,,
2026-07-28T19:04:29.175-07:00,,query_completed,outbound,query_operational_state,ok,,periodic,18,0,,,,,,,
2026-07-28T19:04:30.176-07:00,auto_outside_comm_for_grid_emergency_1,command_sent,outbound,outside_communication,pending,0,schedule,14,0,,,,,,,
2026-07-28T19:04:30.221-07:00,,link_ack,inbound,outside_communication,ack,,link_layer,14,,,,,,,,
2026-07-28T19:04:30.333-07:00,,application_ack,inbound,outside_communication,ack,,application_layer,3,14,,,,,,,
2026-07-28T19:04:30.373-07:00,auto_outside_comm_for_grid_emergency_1,command_completed,outbound,outside_communication,ok,0,schedule,14,0,,,,,,,
2026-07-28T19:04:44.381-07:00,grid_emergency_1,command_sent,outbound,grid_emergency,pending,0,schedule,11,0,,,,,,,
2026-07-28T19:04:44.458-07:00,,link_ack,inbound,grid_emergency,ack,,link_layer,11,,,,,,,,
2026-07-28T19:04:44.554-07:00,,application_ack,inbound,grid_emergency,ack,,application_layer,3,11,,,,,,,
2026-07-28T19:04:44.595-07:00,grid_emergency_1,command_completed,outbound,grid_emergency,ok,0,schedule,11,0,,,,,,,
2026-07-28T19:05:28.615-07:00,,query_sent,outbound,get_commodity,pending,,periodic,6,0,,,,,,,
2026-07-28T19:05:28.722-07:00,,link_ack,inbound,get_commodity,ack,,link_layer,6,,,,,,,,
2026-07-28T19:05:28.850-07:00,,intermediate_response,inbound,get_commodity,success,,device_response,6,128,,,,,0,success,
2026-07-28T19:05:28.893-07:00,,query_completed,outbound,get_commodity,ok,,periodic,6,0,,,,,0,success,
2026-07-28T19:05:28.893-07:00,,query_sent,outbound,query_operational_state,pending,,periodic,18,0,,,,,,,
2026-07-28T19:05:29.042-07:00,,link_ack,inbound,query_operational_state,ack,,link_layer,18,,,,,,,,
2026-07-28T19:05:29.154-07:00,,operational_state,inbound,query_operational_state,received,,device_response,19,4,,,4,Idle Curtailed,,,
2026-07-28T19:05:29.195-07:00,,query_completed,outbound,query_operational_state,ok,,periodic,18,0,,,,,,,
2026-07-28T19:06:29.220-07:00,,query_sent,outbound,get_commodity,pending,,periodic,6,0,,,,,,,
2026-07-28T19:06:29.368-07:00,,link_ack,inbound,get_commodity,ack,,link_layer,6,,,,,,,,
2026-07-28T19:06:29.480-07:00,,intermediate_response,inbound,get_commodity,success,,device_response,6,128,,,,,0,success,
2026-07-28T19:06:29.522-07:00,,query_completed,outbound,get_commodity,ok,,periodic,6,0,,,,,0,success,
2026-07-28T19:06:29.522-07:00,,query_sent,outbound,query_operational_state,pending,,periodic,18,0,,,,,,,
2026-07-28T19:06:29.671-07:00,,link_ack,inbound,query_operational_state,ack,,link_layer,18,,,,,,,,
2026-07-28T19:06:29.767-07:00,,operational_state,inbound,query_operational_state,received,,device_response,19,4,,,4,Idle Curtailed,,,
2026-07-28T19:06:29.808-07:00,,query_completed,outbound,query_operational_state,ok,,periodic,18,0,,,,,,,
2026-07-28T19:07:28.833-07:00,,query_sent,outbound,get_commodity,pending,,periodic,6,0,,,,,,,
2026-07-28T19:07:28.973-07:00,,link_ack,inbound,get_commodity,ack,,link_layer,6,,,,,,,,
2026-07-28T19:07:29.101-07:00,,intermediate_response,inbound,get_commodity,success,,device_response,6,128,,,,,0,success,
2026-07-28T19:07:29.144-07:00,,query_completed,outbound,get_commodity,ok,,periodic,6,0,,,,,0,success,
2026-07-28T19:07:29.144-07:00,,query_sent,outbound,query_operational_state,pending,,periodic,18,0,,,,,,,
2026-07-28T19:07:29.293-07:00,,link_ack,inbound,query_operational_state,ack,,link_layer,18,,,,,,,,
2026-07-28T19:07:29.405-07:00,,operational_state,inbound,query_operational_state,received,,device_response,19,4,,,4,Idle Curtailed,,,
2026-07-28T19:07:29.446-07:00,,query_completed,outbound,query_operational_state,ok,,periodic,18,0,,,,,,,
2026-07-28T19:08:29.471-07:00,auto_outside_comm_for_run_normal_2,command_sent,outbound,outside_communication,pending,0,schedule,14,0,,,,,,,
2026-07-28T19:08:29.602-07:00,,link_ack,inbound,outside_communication,ack,,link_layer,14,,,,,,,,
2026-07-28T19:08:29.714-07:00,,application_ack,inbound,outside_communication,ack,,application_layer,3,14,,,,,,,
2026-07-28T19:08:29.755-07:00,auto_outside_comm_for_run_normal_2,command_completed,outbound,outside_communication,ok,0,schedule,14,0,,,,,,,
2026-07-28T19:08:29.756-07:00,,query_sent,outbound,get_commodity,pending,,periodic,6,0,,,,,,,
2026-07-28T19:08:29.906-07:00,,link_ack,inbound,get_commodity,ack,,link_layer,6,,,,,,,,
2026-07-28T19:08:30.034-07:00,,intermediate_response,inbound,get_commodity,success,,device_response,6,128,,,,,0,success,
2026-07-28T19:08:30.076-07:00,,query_completed,outbound,get_commodity,ok,,periodic,6,0,,,,,0,success,
2026-07-28T19:08:30.077-07:00,,query_sent,outbound,query_operational_state,pending,,periodic,18,0,,,,,,,
2026-07-28T19:08:30.226-07:00,,link_ack,inbound,query_operational_state,ack,,link_layer,18,,,,,,,,
2026-07-28T19:08:30.338-07:00,,operational_state,inbound,query_operational_state,received,,device_response,19,4,,,4,Idle Curtailed,,,
2026-07-28T19:08:30.378-07:00,,query_completed,outbound,query_operational_state,ok,,periodic,18,0,,,,,,,
2026-07-28T19:08:44.384-07:00,run_normal_2,command_sent,outbound,run_normal,pending,0,schedule,2,0,,,,,,,
2026-07-28T19:08:44.447-07:00,,link_ack,inbound,run_normal,ack,,link_layer,2,,,,,,,,
2026-07-28T19:08:44.560-07:00,,application_ack,inbound,run_normal,ack,,application_layer,3,2,,,,,,,
2026-07-28T19:08:44.600-07:00,run_normal_2,command_completed,outbound,run_normal,ok,0,schedule,2,0,,,,,,,
2026-07-28T19:09:28.619-07:00,,query_sent,outbound,get_commodity,pending,,periodic,6,0,,,,,,,
2026-07-28T19:09:28.728-07:00,,link_ack,inbound,get_commodity,ack,,link_layer,6,,,,,,,,
2026-07-28T19:09:28.856-07:00,,intermediate_response,inbound,get_commodity,success,,device_response,6,128,,,,,0,success,
2026-07-28T19:09:28.898-07:00,,query_completed,outbound,get_commodity,ok,,periodic,6,0,,,,,0,success,
2026-07-28T19:09:28.898-07:00,,query_sent,outbound,query_operational_state,pending,,periodic,18,0,,,,,,,
2026-07-28T19:09:29.048-07:00,,link_ack,inbound,query_operational_state,ack,,link_layer,18,,,,,,,,
2026-07-28T19:09:29.160-07:00,,operational_state,inbound,query_operational_state,received,,device_response,19,0,,,0,Idle Normal,,,
2026-07-28T19:09:29.200-07:00,,query_completed,outbound,query_operational_state,ok,,periodic,18,0,,,,,,,
2026-07-28T19:10:29.224-07:00,auto_outside_comm_for_critical_peak_1,command_sent,outbound,outside_communication,pending,0,schedule,14,0,,,,,,,
2026-07-28T19:10:29.373-07:00,,link_ack,inbound,outside_communication,ack,,link_layer,14,,,,,,,,
2026-07-28T19:10:29.469-07:00,,application_ack,inbound,outside_communication,ack,,application_layer,3,14,,,,,,,
2026-07-28T19:10:29.509-07:00,auto_outside_comm_for_critical_peak_1,command_completed,outbound,outside_communication,ok,0,schedule,14,0,,,,,,,
2026-07-28T19:10:29.510-07:00,,query_sent,outbound,get_commodity,pending,,periodic,6,0,,,,,,,
2026-07-28T19:10:29.661-07:00,,link_ack,inbound,get_commodity,ack,,link_layer,6,,,,,,,,
2026-07-28T19:10:29.789-07:00,,intermediate_response,inbound,get_commodity,success,,device_response,6,128,,,,,0,success,
2026-07-28T19:10:29.831-07:00,,query_completed,outbound,get_commodity,ok,,periodic,6,0,,,,,0,success,
2026-07-28T19:10:29.832-07:00,,query_sent,outbound,query_operational_state,pending,,periodic,18,0,,,,,,,
2026-07-28T19:10:29.981-07:00,,link_ack,inbound,query_operational_state,ack,,link_layer,18,,,,,,,,
2026-07-28T19:10:30.093-07:00,,operational_state,inbound,query_operational_state,received,,device_response,19,0,,,0,Idle Normal,,,
2026-07-28T19:10:30.133-07:00,,query_completed,outbound,query_operational_state,ok,,periodic,18,0,,,,,,,
2026-07-28T19:10:44.139-07:00,critical_peak_1,command_sent,outbound,critical_peak,pending,0,schedule,10,0,,,,,,,
2026-07-28T19:10:44.218-07:00,,link_ack,inbound,critical_peak,ack,,link_layer,10,,,,,,,,
2026-07-28T19:10:44.314-07:00,,application_ack,inbound,critical_peak,ack,,application_layer,3,10,,,,,,,
2026-07-28T19:10:44.355-07:00,critical_peak_1,command_completed,outbound,critical_peak,ok,0,schedule,10,0,,,,,,,
2026-07-28T19:11:29.371-07:00,,query_sent,outbound,get_commodity,pending,,periodic,6,0,,,,,,,
2026-07-28T19:11:29.490-07:00,,link_ack,inbound,get_commodity,ack,,link_layer,6,,,,,,,,
2026-07-28T19:11:29.602-07:00,,intermediate_response,inbound,get_commodity,success,,device_response,6,128,,,,,0,success,
2026-07-28T19:11:29.645-07:00,,query_completed,outbound,get_commodity,ok,,periodic,6,0,,,,,0,success,
2026-07-28T19:11:29.645-07:00,,query_sent,outbound,query_operational_state,pending,,periodic,18,0,,,,,,,
2026-07-28T19:11:29.794-07:00,,link_ack,inbound,query_operational_state,ack,,link_layer,18,,,,,,,,
2026-07-28T19:11:29.890-07:00,,operational_state,inbound,query_operational_state,received,,device_response,19,2,,,2,Running Curtailed,,,
2026-07-28T19:11:29.931-07:00,,query_completed,outbound,query_operational_state,ok,,periodic,18,0,,,,,,,
2026-07-28T19:12:28.952-07:00,,query_sent,outbound,get_commodity,pending,,periodic,6,0,,,,,,,
2026-07-28T19:12:29.080-07:00,,link_ack,inbound,get_commodity,ack,,link_layer,6,,,,,,,,
2026-07-28T19:12:29.208-07:00,,intermediate_response,inbound,get_commodity,success,,device_response,6,128,,,,,0,success,
2026-07-28T19:12:29.249-07:00,,query_completed,outbound,get_commodity,ok,,periodic,6,0,,,,,0,success,
2026-07-28T19:12:29.249-07:00,,query_sent,outbound,query_operational_state,pending,,periodic,18,0,,,,,,,
2026-07-28T19:12:29.400-07:00,,link_ack,inbound,query_operational_state,ack,,link_layer,18,,,,,,,,
2026-07-28T19:12:29.511-07:00,,operational_state,inbound,query_operational_state,received,,device_response,19,2,,,2,Running Curtailed,,,
2026-07-28T19:12:29.552-07:00,,query_completed,outbound,query_operational_state,ok,,periodic,18,0,,,,,,,
2026-07-28T19:13:28.572-07:00,,query_sent,outbound,get_commodity,pending,,periodic,6,0,,,,,,,
2026-07-28T19:13:28.717-07:00,,link_ack,inbound,get_commodity,ack,,link_layer,6,,,,,,,,
2026-07-28T19:13:28.845-07:00,,intermediate_response,inbound,get_commodity,success,,device_response,6,128,,,,,0,success,
2026-07-28T19:13:28.888-07:00,,query_completed,outbound,get_commodity,ok,,periodic,6,0,,,,,0,success,
2026-07-28T19:13:28.888-07:00,,query_sent,outbound,query_operational_state,pending,,periodic,18,0,,,,,,,
2026-07-28T19:13:29.037-07:00,,link_ack,inbound,query_operational_state,ack,,link_layer,18,,,,,,,,
2026-07-28T19:13:29.149-07:00,,operational_state,inbound,query_operational_state,received,,device_response,19,4,,,4,Idle Curtailed,,,
2026-07-28T19:13:29.190-07:00,,query_completed,outbound,query_operational_state,ok,,periodic,18,0,,,,,,,
2026-07-28T19:14:29.211-07:00,auto_outside_comm_for_run_normal_3,command_sent,outbound,outside_communication,pending,0,schedule,14,0,,,,,,,
2026-07-28T19:14:29.362-07:00,,link_ack,inbound,outside_communication,ack,,link_layer,14,,,,,,,,
2026-07-28T19:14:29.458-07:00,,application_ack,inbound,outside_communication,ack,,application_layer,3,14,,,,,,,
2026-07-28T19:14:29.499-07:00,auto_outside_comm_for_run_normal_3,command_completed,outbound,outside_communication,ok,0,schedule,14,0,,,,,,,
2026-07-28T19:14:29.500-07:00,,query_sent,outbound,get_commodity,pending,,periodic,6,0,,,,,,,
2026-07-28T19:14:29.650-07:00,,link_ack,inbound,get_commodity,ack,,link_layer,6,,,,,,,,
2026-07-28T19:14:29.778-07:00,,intermediate_response,inbound,get_commodity,success,,device_response,6,128,,,,,0,success,
2026-07-28T19:14:29.821-07:00,,query_completed,outbound,get_commodity,ok,,periodic,6,0,,,,,0,success,
2026-07-28T19:14:29.821-07:00,,query_sent,outbound,query_operational_state,pending,,periodic,18,0,,,,,,,
2026-07-28T19:14:29.970-07:00,,link_ack,inbound,query_operational_state,ack,,link_layer,18,,,,,,,,
2026-07-28T19:14:30.082-07:00,,operational_state,inbound,query_operational_state,received,,device_response,19,4,,,4,Idle Curtailed,,,
2026-07-28T19:14:30.123-07:00,,query_completed,outbound,query_operational_state,ok,,periodic,18,0,,,,,,,
2026-07-28T19:14:44.128-07:00,run_normal_3,command_sent,outbound,run_normal,pending,0,schedule,2,0,,,,,,,
2026-07-28T19:14:44.192-07:00,,link_ack,inbound,run_normal,ack,,link_layer,2,,,,,,,,
2026-07-28T19:14:44.304-07:00,,application_ack,inbound,run_normal,ack,,application_layer,3,2,,,,,,,
2026-07-28T19:14:44.344-07:00,run_normal_3,command_completed,outbound,run_normal,ok,0,schedule,2,0,,,,,,,
2026-07-28T19:15:29.357-07:00,,query_sent,outbound,get_commodity,pending,,periodic,6,0,,,,,,,
2026-07-28T19:15:29.480-07:00,,link_ack,inbound,get_commodity,ack,,link_layer,6,,,,,,,,
2026-07-28T19:15:29.608-07:00,,intermediate_response,inbound,get_commodity,success,,device_response,6,128,,,,,0,success,
2026-07-28T19:15:29.650-07:00,,query_completed,outbound,get_commodity,ok,,periodic,6,0,,,,,0,success,
2026-07-28T19:15:29.650-07:00,,query_sent,outbound,query_operational_state,pending,,periodic,18,0,,,,,,,
2026-07-28T19:15:29.800-07:00,,link_ack,inbound,query_operational_state,ack,,link_layer,18,,,,,,,,
2026-07-28T19:15:29.912-07:00,,operational_state,inbound,query_operational_state,received,,device_response,19,0,,,0,Idle Normal,,,
2026-07-28T19:15:29.952-07:00,,query_completed,outbound,query_operational_state,ok,,periodic,18,0,,,,,,,
2026-07-28T19:16:28.967-07:00,,query_sent,outbound,get_commodity,pending,,periodic,6,0,,,,,,,
2026-07-28T19:16:29.117-07:00,,link_ack,inbound,get_commodity,ack,,link_layer,6,,,,,,,,
2026-07-28T19:16:29.245-07:00,,intermediate_response,inbound,get_commodity,success,,device_response,6,128,,,,,0,success,
2026-07-28T19:16:29.287-07:00,,query_completed,outbound,get_commodity,ok,,periodic,6,0,,,,,0,success,
2026-07-28T19:16:29.287-07:00,,query_sent,outbound,query_operational_state,pending,,periodic,18,0,,,,,,,
2026-07-28T19:16:29.437-07:00,,link_ack,inbound,query_operational_state,ack,,link_layer,18,,,,,,,,
2026-07-28T19:16:29.549-07:00,,operational_state,inbound,query_operational_state,received,,device_response,19,0,,,0,Idle Normal,,,
2026-07-28T19:16:29.590-07:00,,query_completed,outbound,query_operational_state,ok,,periodic,18,0,,,,,,,
2026-07-28T19:16:44.048-07:00,,command_sent,outbound,run_normal,pending,0,shutdown,2,0,,,,,,,
2026-07-28T19:16:44.171-07:00,,link_ack,inbound,run_normal,ack,,link_layer,2,,,,,,,,
2026-07-28T19:16:44.266-07:00,,application_ack,inbound,run_normal,ack,,application_layer,3,2,,,,,,,
2026-07-28T19:16:44.307-07:00,,command_completed,outbound,run_normal,ok,0,shutdown,2,0,,,,,,,
2026-07-28T19:16:46.362-07:00,,link_ack,inbound,query_operational_state,ack,,link_layer,18,,,,,,,,
2026-07-28T19:16:46.458-07:00,,operational_state,inbound,query_operational_state,received,,device_response,19,0,,,0,Idle Normal,,,
2026-07-28T19:16:46.599-07:00,,controller_stopped,internal,controller,stopped,,controller,,,,,,,,,
