event_id,timestamp_utc,draw_elapsed_seconds,status,stop_reason,valve_state,target_volume_gal,accumulated_volume_gal,flow_gpm,hot_temp_c,hot_temp_f,cold_temp_c,cold_temp_f,ambient_temp_c,ambient_temp_f,hot_raw_counts,cold_raw_counts,flow_raw_counts,ambient_raw_counts
water_draw_1,2026-07-29T01:59:44.327Z,0.028,drawing,,open,9.0,0.000087,0.18979166666666672,24.062499999999986,75.31249999999997,22.1875,71.9375,22.8,73.03999999999999,1191,1173,478,228
water_draw_1,2026-07-29T01:59:44.829Z,0.529,drawing,,open,9.0,0.026906,3.206354166666667,24.47916666666667,76.0625,22.1875,71.9375,22.1,71.78,1195,1173,1069,221
water_draw_1,2026-07-29T01:59:45.331Z,1.031,drawing,,open,9.0,0.053804,3.2165624999999998,23.95833333333333,75.125,21.666666666666686,71.00000000000003,22.2,71.96000000000001,1190,1168,1071,222
water_draw_1,2026-07-29T01:59:45.833Z,1.533,drawing,,open,9.0,0.081431,3.3033333333333337,24.47916666666667,76.0625,22.083333333333314,71.74999999999997,22.400000000000002,72.32,1195,1172,1088,224
water_draw_1,2026-07-29T01:59:46.334Z,2.035,drawing,,open,9.0,0.108846,3.2778125000000005,25.0,77.0,22.083333333333314,71.74999999999997,22.400000000000002,72.32,1200,1172,1083,224
water_draw_1,2026-07-29T01:59:46.836Z,2.537,drawing,,open,9.0,0.135404,3.1757291666666667,25.625000000000014,78.12500000000003,22.083333333333314,71.74999999999997,22.7,72.86,1206,1172,1063,227
water_draw_1,2026-07-29T01:59:47.338Z,3.038,drawing,,open,9.0,0.161491,3.1195833333333343,26.354166666666686,79.43750000000003,21.875,71.375,22.7,72.86,1213,1170,1052,227
water_draw_1,2026-07-29T01:59:47.840Z,3.540,drawing,,open,9.0,0.187409,3.0991666666666675,27.08333333333333,80.75,21.979166666666686,71.56250000000003,22.6,72.68,1220,1171,1048,226
water_draw_1,2026-07-29T01:59:48.342Z,4.042,drawing,,open,9.0,0.212732,3.027708333333334,27.6041666666667,81.68750000000006,22.29166666666667,72.125,22.6,72.68,1225,1174,1034,226
water_draw_1,2026-07-29T01:59:48.843Z,4.544,drawing,,open,9.0,0.237795,2.9970833333333338,28.125,82.625,22.083333333333314,71.74999999999997,22.5,72.5,1230,1172,1028,225
water_draw_1,2026-07-29T01:59:49.347Z,5.045,drawing,,open,9.0,0.262604,2.966458333333334,28.750000000000014,83.75000000000003,21.979166666666686,71.56250000000003,22.3,72.14,1236,1171,1022,223
water_draw_1,2026-07-29T01:59:49.865Z,5.563,drawing,,open,9.0,0.288017,2.946041666666668,29.583333333333343,85.25,22.1875,71.9375,22.6,72.68,1244,1173,1018,226
water_draw_1,2026-07-29T01:59:50.369Z,6.067,drawing,,open,9.0,0.312736,2.9409375000000013,30.20833333333333,86.375,21.770833333333343,71.1875,22.7,72.86,1250,1169,1017,227
water_draw_1,2026-07-29T01:59:50.873Z,6.572,drawing,,open,9.0,0.337197,2.9103125000000007,30.624999999999986,87.12499999999997,22.29166666666667,72.125,22.2,71.96000000000001,1254,1174,1011,222
water_draw_1,2026-07-29T01:59:51.378Z,7.076,drawing,,open,9.0,0.361399,2.8796875,31.770833333333343,89.18750000000003,21.979166666666686,71.56250000000003,22.3,72.14,1265,1171,1005,223
water_draw_1,2026-07-29T01:59:51.882Z,7.580,drawing,,open,9.0,0.385515,2.8694791666666677,31.979166666666686,89.56250000000006,22.083333333333314,71.74999999999997,22.3,72.14,1267,1172,1003,223
water_draw_1,2026-07-29T01:59:52.386Z,8.084,drawing,,open,9.0,0.409759,2.8847916666666666,33.02083333333334,91.43750000000003,22.1875,71.9375,22.8,73.03999999999999,1277,1173,1006,228
water_draw_1,2026-07-29T01:59:52.891Z,8.589,drawing,,open,9.0,0.433705,2.849062500000001,33.749999999999986,92.74999999999997,22.499999999999986,72.49999999999997,22.1,71.78,1284,1176,999,221
water_draw_1,2026-07-29T01:59:53.395Z,9.093,drawing,,open,9.0,0.457614,2.8439583333333336,33.749999999999986,92.74999999999997,22.395833333333343,72.31250000000003,22.5,72.5,1284,1175,998,225
water_draw_1,2026-07-29T01:59:53.899Z,9.597,drawing,,open,9.0,0.481519,2.8439583333333336,34.166666666666686,93.50000000000003,22.499999999999986,72.49999999999997,22.7,72.86,1288,1176,998,227
water_draw_1,2026-07-29T01:59:54.404Z,10.102,drawing,,open,9.0,0.505248,2.823541666666667,34.58333333333334,94.25000000000003,22.395833333333343,72.31250000000003,22.3,72.14,1292,1175,994,223
water_draw_1,2026-07-29T01:59:54.908Z,10.606,drawing,,open,9.0,0.530918,3.0532291666666658,35.52083333333333,95.9375,22.60416666666667,72.6875,22.400000000000002,72.32,1301,1177,1039,224
water_draw_1,2026-07-29T01:59:55.412Z,11.110,drawing,,open,9.0,0.556362,3.027708333333334,35.72916666666666,96.31249999999997,21.979166666666686,71.56250000000003,22.5,72.5,1303,1171,1034,225
water_draw_1,2026-07-29T01:59:55.916Z,11.615,drawing,,open,9.0,0.581509,2.9919791666666673,35.83333333333334,96.5,22.812500000000014,73.06250000000003,22.7,72.86,1304,1179,1027,227
water_draw_1,2026-07-29T01:59:56.421Z,12.119,drawing,,open,9.0,0.607251,3.0634374999999996,36.770833333333314,98.18749999999994,21.979166666666686,71.56250000000003,22.7,72.86,1313,1171,1041,227
water_draw_1,2026-07-29T01:59:56.925Z,12.623,drawing,,open,9.0,0.633599,3.134895833333333,36.874999999999986,98.37499999999997,21.979166666666686,71.56250000000003,22.3,72.14,1314,1171,1055,223
water_draw_1,2026-07-29T01:59:57.429Z,13.127,drawing,,open,9.0,0.660032,3.145104166666667,37.60416666666666,99.6875,22.395833333333343,72.31250000000003,22.7,72.86,1321,1175,1057,227
water_draw_1,2026-07-29T01:59:57.934Z,13.632,drawing,,open,9.0,0.686209,3.114479166666667,37.60416666666666,99.6875,22.60416666666667,72.6875,22.7,72.86,1321,1177,1051,227
water_draw_1,2026-07-29T01:59:58.438Z,14.136,drawing,,open,9.0,0.712258,3.0991666666666675,38.54166666666667,101.375,22.812500000000014,73.06250000000003,22.5,72.5,1330,1179,1048,225
water_draw_1,2026-07-29T01:59:58.942Z,14.640,drawing,,open,9.0,0.738605,3.134895833333333,39.16666666666666,102.5,22.70833333333333,72.875,22.400000000000002,72.32,1336,1178,1055,224
water_draw_1,2026-07-29T01:59:59.446Z,15.144,drawing,,open,9.0,0.764820,3.1195833333333343,39.0625,102.3125,22.70833333333333,72.875,22.0,71.6,1335,1178,1052,220
water_draw_1,2026-07-29T01:59:59.951Z,15.649,drawing,,open,9.0,0.791039,3.1195833333333343,38.95833333333334,102.125,23.02083333333333,73.4375,22.3,72.14,1334,1181,1052,223
water_draw_1,2026-07-29T02:00:00.455Z,16.153,drawing,,open,9.0,0.817055,3.0940625,39.375,102.875,22.29166666666667,72.125,22.2,71.96000000000001,1338,1174,1047,222
water_draw_1,2026-07-29T02:00:00.959Z,16.658,drawing,,open,9.0,0.842934,3.078750000000001,39.79166666666667,103.625,22.499999999999986,72.49999999999997,22.900000000000002,73.22,1342,1176,1044,229
water_draw_1,2026-07-29T02:00:01.464Z,17.162,drawing,,open,9.0,0.868766,3.0736458333333325,39.999999999999986,103.99999999999997,22.60416666666667,72.6875,22.400000000000002,72.32,1344,1177,1043,224
water_draw_1,2026-07-29T02:00:01.968Z,17.666,drawing,,open,9.0,0.894559,3.0685416666666674,39.999999999999986,103.99999999999997,22.812500000000014,73.06250000000003,22.2,71.96000000000001,1344,1179,1042,222
water_draw_1,2026-07-29T02:00:02.472Z,18.170,drawing,,open,9.0,0.920389,3.0736458333333325,40.9375,105.6875,22.499999999999986,72.49999999999997,22.3,72.14,1353,1176,1043,223
water_draw_1,2026-07-29T02:00:02.977Z,18.675,drawing,,open,9.0,0.946394,3.0940625,41.35416666666667,106.4375,22.499999999999986,72.49999999999997,22.400000000000002,72.32,1357,1176,1047,224
water_draw_1,2026-07-29T02:00:03.481Z,19.179,drawing,,open,9.0,0.972360,3.088958333333335,41.250000000000014,106.25000000000003,22.29166666666667,72.125,22.3,72.14,1356,1174,1046,223
water_draw_1,2026-07-29T02:00:03.985Z,19.683,drawing,,open,9.0,0.998235,3.078750000000001,41.97916666666666,107.56249999999997,22.395833333333343,72.31250000000003,22.8,73.03999999999999,1363,1175,1044,228
water_draw_1,2026-07-29T02:00:04.489Z,20.187,drawing,,open,9.0,1.023977,3.0634374999999996,42.08333333333334,107.75,22.499999999999986,72.49999999999997,22.900000000000002,73.22,1364,1176,1041,229
water_draw_1,2026-07-29T02:00:04.993Z,20.692,drawing,,open,9.0,1.049937,3.088958333333335,42.291666666666686,108.12500000000003,22.29166666666667,72.125,22.2,71.96000000000001,1366,1174,1046,222
water_draw_1,2026-07-29T02:00:05.498Z,21.196,drawing,,open,9.0,1.075767,3.0736458333333325,42.395833333333314,108.31249999999997,22.1875,71.9375,22.400000000000002,72.32,1367,1173,1043,224
water_draw_1,2026-07-29T02:00:06.002Z,21.700,drawing,,open,9.0,1.101737,3.088958333333335,42.70833333333334,108.87500000000003,22.70833333333333,72.875,22.900000000000002,73.22,1370,1178,1046,229
water_draw_1,2026-07-29T02:00:06.506Z,22.205,drawing,,open,9.0,1.127569,3.0736458333333325,42.91666666666667,109.25,22.29166666666667,72.125,22.1,71.78,1372,1174,1043,221
water_draw_1,2026-07-29T02:00:07.011Z,22.709,drawing,,open,9.0,1.153447,3.078750000000001,43.02083333333333,109.4375,22.70833333333333,72.875,22.8,73.03999999999999,1373,1178,1044,228
water_draw_1,2026-07-29T02:00:07.515Z,23.213,drawing,,open,9.0,1.179707,3.1246875000000007,43.33333333333336,110.00000000000006,22.812500000000014,73.06250000000003,22.400000000000002,72.32,1376,1179,1053,224
water_draw_1,2026-07-29T02:00:08.019Z,23.718,drawing,,open,9.0,1.205843,3.1093750000000004,43.541666666666686,110.37500000000003,22.083333333333314,71.74999999999997,22.5,72.5,1378,1172,1050,225
water_draw_1,2026-07-29T02:00:08.524Z,24.222,drawing,,open,9.0,1.231805,3.088958333333335,43.33333333333336,110.00000000000006,22.499999999999986,72.49999999999997,22.5,72.5,1376,1176,1046,225
water_draw_1,2026-07-29T02:00:09.028Z,24.726,drawing,,open,9.0,1.257595,3.0685416666666674,44.166666666666686,111.50000000000003,22.70833333333333,72.875,22.6,72.68,1384,1178,1042,226
water_draw_1,2026-07-29T02:00:09.532Z,25.230,drawing,,open,9.0,1.283508,3.0838541666666672,44.27083333333334,111.68750000000003,22.916666666666657,73.24999999999997,22.6,72.68,1385,1180,1045,226
water_draw_1,2026-07-29T02:00:10.036Z,25.735,drawing,,open,9.0,1.309597,3.104270833333334,44.27083333333334,111.68750000000003,22.395833333333343,72.31250000000003,22.3,72.14,1385,1175,1049,223
water_draw_1,2026-07-29T02:00:10.541Z,26.239,drawing,,open,9.0,1.335467,3.078750000000001,44.47916666666667,112.0625,22.916666666666657,73.24999999999997,22.400000000000002,72.32,1387,1180,1044,224
water_draw_1,2026-07-29T02:00:11.045Z,26.743,drawing,,open,9.0,1.361558,3.104270833333334,44.166666666666686,111.50000000000003,22.395833333333343,72.31250000000003,22.2,71.96000000000001,1384,1175,1049,222
water_draw_1,2026-07-29T02:00:11.549Z,27.247,drawing,,open,9.0,1.387476,3.0838541666666672,45.000000000000014,113.00000000000003,22.70833333333333,72.875,22.7,72.86,1392,1178,1045,227
water_draw_1,2026-07-29T02:00:12.053Z,27.752,drawing,,open,9.0,1.413265,3.0685416666666674,45.20833333333334,113.375,22.60416666666667,72.6875,22.6,72.68,1394,1177,1042,226
water_draw_1,2026-07-29T02:00:12.558Z,28.256,drawing,,open,9.0,1.438835,3.0430208333333333,45.20833333333334,113.375,22.812500000000014,73.06250000000003,22.8,73.03999999999999,1394,1179,1037,228
water_draw_1,2026-07-29T02:00:13.062Z,28.760,drawing,,open,9.0,1.464888,3.0991666666666675,45.000000000000014,113.00000000000003,22.812500000000014,73.06250000000003,22.5,72.5,1392,1179,1048,225
water_draw_1,2026-07-29T02:00:13.566Z,29.264,drawing,,open,9.0,1.490849,3.088958333333335,45.520833333333314,113.93749999999997,22.916666666666657,73.24999999999997,22.2,71.96000000000001,1397,1180,1046,222
water_draw_1,2026-07-29T02:00:14.070Z,29.769,drawing,,open,9.0,1.516810,3.088958333333335,45.72916666666667,114.3125,22.60416666666667,72.6875,23.0,73.4,1399,1177,1046,230
water_draw_1,2026-07-29T02:00:14.575Z,30.273,drawing,,open,9.0,1.542771,3.088958333333335,46.04166666666667,114.875,22.60416666666667,72.6875,22.5,72.5,1402,1177,1046,225
water_draw_1,2026-07-29T02:00:15.079Z,30.777,drawing,,open,9.0,1.568696,3.0838541666666672,45.72916666666667,114.3125,23.125,73.625,22.8,73.03999999999999,1399,1182,1045,228
water_draw_1,2026-07-29T02:00:15.583Z,31.282,drawing,,open,9.0,1.594574,3.078750000000001,46.35416666666666,115.43749999999997,22.395833333333343,72.31250000000003,22.5,72.5,1405,1175,1044,225
water_draw_1,2026-07-29T02:00:16.088Z,31.786,drawing,,open,9.0,1.620754,3.114479166666667,46.04166666666667,114.875,22.1875,71.9375,22.2,71.96000000000001,1402,1173,1051,222
water_draw_1,2026-07-29T02:00:16.592Z,32.290,drawing,,open,9.0,1.646845,3.104270833333334,46.35416666666666,115.43749999999997,22.29166666666667,72.125,22.6,72.68,1405,1174,1049,226
water_draw_1,2026-07-29T02:00:17.096Z,32.795,drawing,,open,9.0,1.672896,3.0991666666666675,46.562500000000014,115.81250000000003,22.60416666666667,72.6875,22.8,73.03999999999999,1407,1177,1048,228
water_draw_1,2026-07-29T02:00:17.601Z,33.299,drawing,,open,9.0,1.699070,3.114479166666667,46.35416666666666,115.43749999999997,22.499999999999986,72.49999999999997,22.2,71.96000000000001,1405,1176,1051,222
water_draw_1,2026-07-29T02:00:18.105Z,33.803,drawing,,open,9.0,1.725201,3.1093750000000004,46.562500000000014,115.81250000000003,22.916666666666657,73.24999999999997,22.6,72.68,1407,1180,1050,226
water_draw_1,2026-07-29T02:00:18.609Z,34.307,drawing,,open,9.0,1.751381,3.114479166666667,46.979166666666686,116.56250000000003,23.02083333333333,73.4375,22.400000000000002,72.32,1411,1181,1051,224
water_draw_1,2026-07-29T02:00:19.113Z,34.812,drawing,,open,9.0,1.777641,3.1246875000000007,46.666666666666686,116.00000000000003,23.02083333333333,73.4375,22.6,72.68,1408,1181,1053,226
water_draw_1,2026-07-29T02:00:19.618Z,35.316,drawing,,open,9.0,1.803685,3.0991666666666675,46.979166666666686,116.56250000000003,22.70833333333333,72.875,22.2,71.96000000000001,1411,1178,1048,222
water_draw_1,2026-07-29T02:00:20.122Z,35.820,drawing,,open,9.0,1.829516,3.0736458333333325,47.29166666666667,117.125,22.499999999999986,72.49999999999997,22.1,71.78,1414,1176,1043,221
water_draw_1,2026-07-29T02:00:20.626Z,36.324,drawing,,open,9.0,1.855473,3.088958333333335,46.979166666666686,116.56250000000003,22.395833333333343,72.31250000000003,22.2,71.96000000000001,1411,1175,1046,222
water_draw_1,2026-07-29T02:00:21.130Z,36.829,drawing,,open,9.0,1.881605,3.1093750000000004,46.77083333333334,116.1875,22.70833333333333,72.875,22.2,71.96000000000001,1409,1178,1050,222
water_draw_1,2026-07-29T02:00:21.635Z,37.333,drawing,,open,9.0,1.907781,3.114479166666667,47.70833333333333,117.875,22.916666666666657,73.24999999999997,22.3,72.14,1418,1180,1051,223
water_draw_1,2026-07-29T02:00:22.139Z,37.837,drawing,,open,9.0,1.933917,3.1093750000000004,48.02083333333333,118.4375,22.395833333333343,72.31250000000003,23.0,73.4,1421,1175,1050,230
water_draw_1,2026-07-29T02:00:22.643Z,38.341,drawing,,open,9.0,1.960181,3.1246875000000007,47.499999999999986,117.49999999999997,22.812500000000014,73.06250000000003,22.7,72.86,1416,1179,1053,227
water_draw_1,2026-07-29T02:00:23.148Z,38.846,drawing,,open,9.0,1.986399,3.1195833333333343,47.812500000000014,118.06250000000003,22.812500000000014,73.06250000000003,22.7,72.86,1419,1179,1052,227
water_draw_1,2026-07-29T02:00:23.652Z,39.350,drawing,,open,9.0,2.012452,3.0991666666666675,47.91666666666666,118.24999999999997,22.395833333333343,72.31250000000003,22.5,72.5,1420,1175,1048,225
water_draw_1,2026-07-29T02:00:24.156Z,39.854,drawing,,open,9.0,2.038543,3.104270833333334,48.229166666666686,118.81250000000003,22.70833333333333,72.875,22.7,72.86,1423,1178,1049,227
water_draw_1,2026-07-29T02:00:24.660Z,40.359,drawing,,open,9.0,2.064590,3.0991666666666675,48.125,118.625,22.916666666666657,73.24999999999997,22.8,73.03999999999999,1422,1180,1048,228
water_draw_1,2026-07-29T02:00:25.165Z,40.863,drawing,,open,9.0,2.090764,3.114479166666667,48.333333333333314,118.99999999999997,22.499999999999986,72.49999999999997,22.7,72.86,1424,1176,1051,227
water_draw_1,2026-07-29T02:00:25.669Z,41.367,drawing,,open,9.0,2.116900,3.1093750000000004,48.229166666666686,118.81250000000003,23.02083333333333,73.4375,22.5,72.5,1423,1181,1050,225
water_draw_1,2026-07-29T02:00:26.173Z,41.872,drawing,,open,9.0,2.142990,3.104270833333334,48.4375,119.1875,23.125,73.625,22.6,72.68,1425,1182,1049,226
water_draw_1,2026-07-29T02:00:26.678Z,42.376,drawing,,open,9.0,2.169165,3.114479166666667,48.4375,119.1875,22.395833333333343,72.31250000000003,22.2,71.96000000000001,1425,1175,1051,222
water_draw_1,2026-07-29T02:00:27.182Z,42.880,drawing,,open,9.0,2.195255,3.104270833333334,48.125,118.625,23.02083333333333,73.4375,23.0,73.4,1422,1181,1049,230
water_draw_1,2026-07-29T02:00:27.686Z,43.384,drawing,,open,9.0,2.221263,3.0940625,48.54166666666666,119.375,22.499999999999986,72.49999999999997,22.400000000000002,72.32,1426,1176,1047,224
water_draw_1,2026-07-29T02:00:28.191Z,43.889,drawing,,open,9.0,2.247354,3.104270833333334,48.333333333333314,118.99999999999997,22.70833333333333,72.875,22.3,72.14,1424,1178,1049,223
water_draw_1,2026-07-29T02:00:28.695Z,44.393,drawing,,open,9.0,2.273623,3.1246875000000007,48.4375,119.1875,22.70833333333333,72.875,22.6,72.68,1425,1178,1053,226
water_draw_1,2026-07-29T02:00:29.198Z,44.898,drawing,,open,9.0,2.299935,3.129791666666667,49.062500000000014,120.31250000000003,22.60416666666667,72.6875,22.8,73.03999999999999,1431,1177,1054,228
water_draw_1,2026-07-29T02:00:29.703Z,45.401,drawing,,open,9.0,2.326150,3.1246875000000007,48.85416666666667,119.9375,22.812500000000014,73.06250000000003,22.900000000000002,73.22,1429,1179,1053,229
water_draw_1,2026-07-29T02:00:30.207Z,45.905,drawing,,open,9.0,2.352378,3.1195833333333343,49.062500000000014,120.31250000000003,22.60416666666667,72.6875,22.900000000000002,73.22,1431,1177,1052,229
water_draw_1,2026-07-29T02:00:30.711Z,46.410,drawing,,open,9.0,2.378769,3.140000000000001,48.85416666666667,119.9375,22.70833333333333,72.875,22.400000000000002,72.32,1429,1178,1056,224
water_draw_1,2026-07-29T02:00:31.216Z,46.914,drawing,,open,9.0,2.405074,3.129791666666667,48.85416666666667,119.9375,22.60416666666667,72.6875,22.5,72.5,1429,1177,1054,225
water_draw_1,2026-07-29T02:00:31.720Z,47.418,drawing,,open,9.0,2.431463,3.140000000000001,49.374999999999986,120.87499999999997,22.60416666666667,72.6875,22.2,71.96000000000001,1434,1177,1056,222
water_draw_1,2026-07-29T02:00:32.224Z,47.922,drawing,,open,9.0,2.457638,3.114479166666667,48.95833333333333,120.125,23.02083333333333,73.4375,22.5,72.5,1430,1181,1051,225
water_draw_1,2026-07-29T02:00:32.728Z,48.427,drawing,,open,9.0,2.483721,3.104270833333334,49.27083333333333,120.6875,22.70833333333333,72.875,22.8,73.03999999999999,1433,1178,1049,228
water_draw_1,2026-07-29T02:00:33.233Z,48.931,drawing,,open,9.0,2.509853,3.1093750000000004,48.95833333333333,120.125,22.812500000000014,73.06250000000003,22.3,72.14,1430,1179,1050,223
water_draw_1,2026-07-29T02:00:33.737Z,49.435,drawing,,open,9.0,2.535902,3.0991666666666675,49.062500000000014,120.31250000000003,23.333333333333314,73.99999999999997,22.2,71.96000000000001,1431,1184,1048,222
water_draw_1,2026-07-29T02:00:34.241Z,49.939,drawing,,open,9.0,2.561864,3.088958333333335,49.27083333333333,120.6875,23.125,73.625,22.3,72.14,1433,1182,1046,223
water_draw_1,2026-07-29T02:00:34.745Z,50.444,drawing,,open,9.0,2.587521,3.0532291666666658,49.062500000000014,120.31250000000003,23.229166666666686,73.81250000000003,22.400000000000002,72.32,1431,1183,1039,224
water_draw_1,2026-07-29T02:00:35.250Z,50.948,drawing,,open,9.0,2.613652,3.1093750000000004,49.47916666666666,121.06249999999997,23.333333333333314,73.99999999999997,22.2,71.96000000000001,1435,1184,1050,222
water_draw_1,2026-07-29T02:00:35.754Z,51.452,drawing,,open,9.0,2.639606,3.088958333333335,49.374999999999986,120.87499999999997,23.125,73.625,22.5,72.5,1434,1182,1046,225
water_draw_1,2026-07-29T02:00:36.258Z,51.956,drawing,,open,9.0,2.665306,3.0583333333333336,49.687500000000014,121.43750000000003,22.916666666666657,73.24999999999997,23.0,73.4,1437,1180,1040,230
water_draw_1,2026-07-29T02:00:36.762Z,52.460,drawing,,open,9.0,2.691175,3.078750000000001,49.27083333333333,120.6875,22.916666666666657,73.24999999999997,22.5,72.5,1433,1180,1044,225
water_draw_1,2026-07-29T02:00:37.266Z,52.965,drawing,,open,9.0,2.717347,3.114479166666667,49.583333333333314,121.24999999999997,22.812500000000014,73.06250000000003,22.3,72.14,1436,1179,1051,223
water_draw_1,2026-07-29T02:00:37.771Z,53.469,drawing,,open,9.0,2.743560,3.1195833333333343,49.583333333333314,121.24999999999997,22.916666666666657,73.24999999999997,22.2,71.96000000000001,1436,1180,1052,222
water_draw_1,2026-07-29T02:00:38.275Z,53.973,drawing,,open,9.0,2.769910,3.134895833333333,49.687500000000014,121.43750000000003,23.333333333333314,73.99999999999997,22.2,71.96000000000001,1437,1184,1055,222
water_draw_1,2026-07-29T02:00:38.779Z,54.477,drawing,,open,9.0,2.796393,3.1502083333333335,49.27083333333333,120.6875,23.333333333333314,73.99999999999997,22.8,73.03999999999999,1433,1184,1058,228
water_draw_1,2026-07-29T02:00:39.283Z,54.982,drawing,,open,9.0,2.822867,3.1502083333333335,50.0,122.0,23.02083333333333,73.4375,22.400000000000002,72.32,1440,1181,1058,224
water_draw_1,2026-07-29T02:00:39.788Z,55.486,drawing,,open,9.0,2.849549,3.1757291666666667,49.89583333333334,121.8125,23.333333333333314,73.99999999999997,22.2,71.96000000000001,1439,1184,1063,222
water_draw_1,2026-07-29T02:00:40.292Z,55.990,drawing,,open,9.0,2.875978,3.145104166666667,49.89583333333334,121.8125,23.125,73.625,22.1,71.78,1439,1182,1057,221
water_draw_1,2026-07-29T02:00:40.796Z,56.494,drawing,,open,9.0,2.902745,3.1859375000000005,50.20833333333334,122.37500000000003,23.333333333333314,73.99999999999997,22.2,71.96000000000001,1442,1184,1065,222
water_draw_1,2026-07-29T02:00:41.300Z,56.998,drawing,,open,9.0,2.929434,3.1757291666666667,50.0,122.0,23.645833333333343,74.56250000000003,22.8,73.03999999999999,1440,1187,1063,228
water_draw_1,2026-07-29T02:00:41.804Z,57.503,drawing,,open,9.0,2.956250,3.1910416666666666,49.791666666666686,121.62500000000003,23.229166666666686,73.81250000000003,22.3,72.14,1438,1183,1066,223
water_draw_1,2026-07-29T02:00:42.308Z,58.007,drawing,,open,9.0,2.983153,3.201250000000001,50.0,122.0,23.333333333333314,73.99999999999997,22.8,73.03999999999999,1440,1184,1068,228
water_draw_1,2026-07-29T02:00:42.813Z,58.511,drawing,,open,9.0,3.009877,3.180833333333334,50.20833333333334,122.37500000000003,23.333333333333314,73.99999999999997,22.8,73.03999999999999,1442,1184,1064,228
water_draw_1,2026-07-29T02:00:43.317Z,59.015,drawing,,open,9.0,3.036697,3.1910416666666666,50.3125,122.5625,23.229166666666686,73.81250000000003,22.3,72.14,1443,1183,1066,223
water_draw_1,2026-07-29T02:00:43.821Z,59.519,drawing,,open,9.0,3.063686,3.2114583333333333,49.89583333333334,121.8125,23.333333333333314,73.99999999999997,23.0,73.4,1439,1184,1070,230
water_draw_1,2026-07-29T02:00:44.325Z,60.024,drawing,,open,9.0,3.090719,3.2165624999999998,50.0,122.0,23.541666666666657,74.375,22.400000000000002,72.32,1440,1186,1071,224
water_draw_1,2026-07-29T02:00:44.830Z,60.528,drawing,,open,9.0,3.117874,3.231875000000001,50.41666666666667,122.75,23.333333333333314,73.99999999999997,22.7,72.86,1444,1184,1074,227
water_draw_1,2026-07-29T02:00:45.334Z,61.032,drawing,,open,9.0,3.144946,3.221666666666667,50.0,122.0,23.229166666666686,73.81250000000003,22.3,72.14,1440,1183,1072,223
water_draw_1,2026-07-29T02:00:45.838Z,61.536,drawing,,open,9.0,3.171841,3.201250000000001,50.104166666666686,122.18750000000003,23.749999999999986,74.74999999999997,22.6,72.68,1441,1188,1068,226
water_draw_1,2026-07-29T02:00:46.342Z,62.040,drawing,,open,9.0,3.198746,3.201250000000001,50.41666666666667,122.75,23.4375,74.1875,22.900000000000002,73.22,1444,1185,1068,229
water_draw_1,2026-07-29T02:00:46.847Z,62.545,drawing,,open,9.0,3.225649,3.201250000000001,50.104166666666686,122.18750000000003,23.645833333333343,74.56250000000003,22.8,73.03999999999999,1441,1187,1068,228
water_draw_1,2026-07-29T02:00:47.351Z,63.049,drawing,,open,9.0,3.252691,3.2165624999999998,50.625000000000014,123.12500000000003,23.4375,74.1875,22.7,72.86,1446,1185,1071,227
water_draw_1,2026-07-29T02:00:47.855Z,63.553,drawing,,open,9.0,3.279249,3.1604166666666673,50.41666666666667,122.75,23.749999999999986,74.74999999999997,22.5,72.5,1444,1188,1060,225
water_draw_1,2026-07-29T02:00:48.359Z,64.057,drawing,,open,9.0,3.306242,3.2114583333333333,50.0,122.0,23.749999999999986,74.74999999999997,22.3,72.14,1440,1188,1070,223
water_draw_1,2026-07-29T02:00:48.863Z,64.562,drawing,,open,9.0,3.332838,3.165520833333334,50.41666666666667,122.75,23.4375,74.1875,22.400000000000002,72.32,1444,1185,1061,224
water_draw_1,2026-07-29T02:00:49.368Z,65.066,drawing,,open,9.0,3.359611,3.1859375000000005,50.20833333333334,122.37500000000003,23.541666666666657,74.375,22.7,72.86,1442,1186,1065,227
water_draw_1,2026-07-29T02:00:49.872Z,65.570,drawing,,open,9.0,3.386601,3.2114583333333333,50.3125,122.5625,23.541666666666657,74.375,22.7,72.86,1443,1186,1070,227
water_draw_1,2026-07-29T02:00:50.376Z,66.074,drawing,,open,9.0,3.413459,3.196145833333333,50.72916666666667,123.3125,23.645833333333343,74.56250000000003,22.7,72.86,1447,1187,1067,227
water_draw_1,2026-07-29T02:00:50.880Z,66.578,drawing,,open,9.0,3.440013,3.1604166666666673,50.52083333333334,122.93750000000003,23.645833333333343,74.56250000000003,22.900000000000002,73.22,1445,1187,1060,229
water_draw_1,2026-07-29T02:00:51.384Z,67.083,drawing,,open,9.0,3.466874,3.196145833333333,50.72916666666667,123.3125,23.541666666666657,74.375,22.5,72.5,1447,1186,1067,225
water_draw_1,2026-07-29T02:00:51.889Z,67.587,drawing,,open,9.0,3.493340,3.1502083333333335,51.04166666666667,123.875,23.4375,74.1875,22.400000000000002,72.32,1450,1185,1058,224
water_draw_1,2026-07-29T02:00:52.393Z,68.091,drawing,,open,9.0,3.519984,3.1706250000000002,50.41666666666667,122.75,23.749999999999986,74.74999999999997,22.5,72.5,1444,1188,1062,225
water_draw_1,2026-07-29T02:00:52.897Z,68.595,drawing,,open,9.0,3.546537,3.1604166666666673,50.83333333333333,123.5,23.4375,74.1875,22.6,72.68,1448,1185,1060,226
water_draw_1,2026-07-29T02:00:53.401Z,69.099,drawing,,open,9.0,3.573097,3.1604166666666673,50.72916666666667,123.3125,24.062499999999986,75.31249999999997,22.900000000000002,73.22,1447,1191,1060,229
water_draw_1,2026-07-29T02:00:53.905Z,69.603,drawing,,open,9.0,3.599610,3.1553125,50.937500000000014,123.68750000000003,23.541666666666657,74.375,22.5,72.5,1449,1186,1059,225
water_draw_1,2026-07-29T02:00:54.409Z,70.108,drawing,,open,9.0,3.626126,3.1553125,50.937500000000014,123.68750000000003,23.749999999999986,74.74999999999997,22.5,72.5,1449,1188,1059,225
water_draw_1,2026-07-29T02:00:54.914Z,70.612,drawing,,open,9.0,3.652550,3.145104166666667,50.937500000000014,123.68750000000003,23.645833333333343,74.56250000000003,22.7,72.86,1449,1187,1057,227
water_draw_1,2026-07-29T02:00:55.418Z,71.116,drawing,,open,9.0,3.679068,3.1553125,50.83333333333333,123.5,23.645833333333343,74.56250000000003,22.3,72.14,1448,1187,1059,223
water_draw_1,2026-07-29T02:00:55.922Z,71.620,drawing,,open,9.0,3.705579,3.1553125,50.52083333333334,122.93750000000003,23.541666666666657,74.375,22.900000000000002,73.22,1445,1186,1059,229
water_draw_1,2026-07-29T02:00:56.426Z,72.124,drawing,,open,9.0,3.732140,3.1604166666666673,50.52083333333334,122.93750000000003,23.749999999999986,74.74999999999997,22.400000000000002,72.32,1445,1188,1060,224
water_draw_1,2026-07-29T02:00:56.930Z,72.628,drawing,,open,9.0,3.758778,3.1706250000000002,50.52083333333334,122.93750000000003,23.85416666666667,74.9375,22.7,72.86,1445,1189,1062,227
water_draw_1,2026-07-29T02:00:57.434Z,73.133,drawing,,open,9.0,3.785422,3.1706250000000002,50.83333333333333,123.5,23.541666666666657,74.375,22.2,71.96000000000001,1448,1186,1062,222
water_draw_1,2026-07-29T02:00:57.939Z,73.637,drawing,,open,9.0,3.812237,3.1910416666666666,50.937500000000014,123.68750000000003,24.27083333333333,75.6875,22.6,72.68,1449,1193,1066,226
water_draw_1,2026-07-29T02:00:58.443Z,74.141,drawing,,open,9.0,3.838889,3.1706250000000002,50.41666666666667,122.75,24.062499999999986,75.31249999999997,22.6,72.68,1444,1191,1062,226
water_draw_1,2026-07-29T02:00:58.947Z,74.645,drawing,,open,9.0,3.865706,3.1910416666666666,51.04166666666667,123.875,23.541666666666657,74.375,22.3,72.14,1450,1186,1066,223
water_draw_1,2026-07-29T02:00:59.452Z,75.150,drawing,,open,9.0,3.892271,3.1604166666666673,50.52083333333334,122.93750000000003,23.749999999999986,74.74999999999997,22.5,72.5,1445,1188,1060,225
water_draw_1,2026-07-29T02:00:59.956Z,75.654,drawing,,open,9.0,3.918953,3.1757291666666667,50.72916666666667,123.3125,23.85416666666667,74.9375,22.5,72.5,1447,1189,1063,225
water_draw_1,2026-07-29T02:01:00.460Z,76.158,drawing,,open,9.0,3.945812,3.196145833333333,51.14583333333333,124.0625,23.4375,74.1875,22.400000000000002,72.32,1451,1185,1067,224
water_draw_1,2026-07-29T02:01:00.964Z,76.662,drawing,,open,9.0,3.972544,3.180833333333334,50.83333333333333,123.5,23.749999999999986,74.74999999999997,22.8,73.03999999999999,1448,1188,1064,228
water_draw_1,2026-07-29T02:01:01.468Z,77.167,drawing,,open,9.0,3.999192,3.1706250000000002,50.83333333333333,123.5,23.85416666666667,74.9375,22.8,73.03999999999999,1448,1189,1062,228
water_draw_1,2026-07-29T02:01:01.973Z,77.671,drawing,,open,9.0,4.025798,3.165520833333334,51.25,124.25,24.062499999999986,75.31249999999997,22.400000000000002,72.32,1452,1191,1061,224
water_draw_1,2026-07-29T02:01:02.477Z,78.175,drawing,,open,9.0,4.052531,3.180833333333334,50.937500000000014,123.68750000000003,23.85416666666667,74.9375,22.8,73.03999999999999,1449,1189,1064,228
water_draw_1,2026-07-29T02:01:02.981Z,78.679,drawing,,open,9.0,4.079132,3.165520833333334,50.937500000000014,123.68750000000003,24.166666666666643,75.49999999999997,22.3,72.14,1449,1192,1061,223
water_draw_1,2026-07-29T02:01:03.485Z,79.184,drawing,,open,9.0,4.105822,3.1757291666666667,51.458333333333314,124.62499999999997,23.749999999999986,74.74999999999997,22.2,71.96000000000001,1454,1188,1063,222
water_draw_1,2026-07-29T02:01:03.990Z,79.688,drawing,,open,9.0,4.132166,3.134895833333333,50.937500000000014,123.68750000000003,23.95833333333333,75.125,22.400000000000002,72.32,1449,1190,1055,224
water_draw_1,2026-07-29T02:01:04.494Z,80.192,drawing,,open,9.0,4.158765,3.165520833333334,51.25,124.25,24.166666666666643,75.49999999999997,22.400000000000002,72.32,1452,1192,1061,224
water_draw_1,2026-07-29T02:01:04.998Z,80.696,drawing,,open,9.0,4.185413,3.1706250000000002,51.04166666666667,123.875,23.95833333333333,75.125,22.7,72.86,1450,1190,1062,227
water_draw_1,2026-07-29T02:01:05.502Z,81.200,drawing,,open,9.0,4.212184,3.1859375000000005,51.354166666666686,124.43750000000003,23.749999999999986,74.74999999999997,22.400000000000002,72.32,1453,1188,1065,224
water_draw_1,2026-07-29T02:01:06.007Z,81.705,drawing,,open,9.0,4.238657,3.1502083333333335,51.25,124.25,24.166666666666643,75.49999999999997,22.7,72.86,1452,1192,1058,227
water_draw_1,2026-07-29T02:01:06.511Z,82.209,drawing,,open,9.0,4.265394,3.180833333333334,50.937500000000014,123.68750000000003,24.062499999999986,75.31249999999997,22.3,72.14,1449,1191,1064,223
water_draw_1,2026-07-29T02:01:07.015Z,82.713,drawing,,open,9.0,4.292129,3.180833333333334,51.14583333333333,124.0625,24.062499999999986,75.31249999999997,22.7,72.86,1451,1191,1064,227
water_draw_1,2026-07-29T02:01:07.519Z,83.218,drawing,,open,9.0,4.318777,3.1706250000000002,51.458333333333314,124.62499999999997,23.645833333333343,74.56250000000003,22.7,72.86,1454,1187,1062,227
water_draw_1,2026-07-29T02:01:08.024Z,83.722,drawing,,open,9.0,4.345635,3.196145833333333,51.5625,124.8125,23.95833333333333,75.125,22.5,72.5,1455,1190,1067,225
water_draw_1,2026-07-29T02:01:08.528Z,84.226,drawing,,open,9.0,4.372281,3.1706250000000002,51.04166666666667,123.875,23.95833333333333,75.125,22.7,72.86,1450,1190,1062,227
water_draw_1,2026-07-29T02:01:09.032Z,84.730,drawing,,open,9.0,4.399181,3.201250000000001,50.937500000000014,123.68750000000003,23.85416666666667,74.9375,22.5,72.5,1449,1189,1068,225
water_draw_1,2026-07-29T02:01:09.536Z,85.234,drawing,,open,9.0,4.426168,3.2114583333333333,50.72916666666667,123.3125,24.47916666666667,76.0625,22.5,72.5,1447,1195,1070,225
water_draw_1,2026-07-29T02:01:10.040Z,85.739,drawing,,open,9.0,4.453069,3.201250000000001,51.04166666666667,123.875,24.374999999999986,75.87499999999997,22.8,73.03999999999999,1450,1194,1068,228
water_draw_1,2026-07-29T02:01:10.545Z,86.243,drawing,,open,9.0,4.479882,3.1910416666666666,51.04166666666667,123.875,24.27083333333333,75.6875,22.5,72.5,1450,1193,1066,225
water_draw_1,2026-07-29T02:01:11.049Z,86.747,drawing,,open,9.0,4.506829,3.206354166666667,51.458333333333314,124.62499999999997,24.374999999999986,75.87499999999997,22.6,72.68,1454,1194,1069,226
water_draw_1,2026-07-29T02:01:11.553Z,87.251,drawing,,open,9.0,4.533351,3.1553125,51.354166666666686,124.43750000000003,24.47916666666667,76.0625,22.6,72.68,1453,1195,1059,226
water_draw_1,2026-07-29T02:01:12.057Z,87.756,drawing,,open,9.0,4.560385,3.2165624999999998,51.25,124.25,24.166666666666643,75.49999999999997,22.3,72.14,1452,1192,1071,223
water_draw_1,2026-07-29T02:01:12.562Z,88.260,drawing,,open,9.0,4.587113,3.180833333333334,51.5625,124.8125,24.374999999999986,75.87499999999997,22.6,72.68,1455,1194,1064,226
water_draw_1,2026-07-29T02:01:13.066Z,88.764,drawing,,open,9.0,4.613714,3.165520833333334,51.14583333333333,124.0625,24.47916666666667,76.0625,22.7,72.86,1451,1195,1061,227
water_draw_1,2026-07-29T02:01:13.570Z,89.268,drawing,,open,9.0,4.640231,3.1553125,51.354166666666686,124.43750000000003,24.58333333333333,76.25,22.2,71.96000000000001,1453,1196,1059,222
water_draw_1,2026-07-29T02:01:14.074Z,89.772,drawing,,open,9.0,4.667047,3.1910416666666666,51.14583333333333,124.0625,24.58333333333333,76.25,22.3,72.14,1451,1196,1066,223
water_draw_1,2026-07-29T02:01:14.579Z,90.277,drawing,,open,9.0,4.693690,3.1706250000000002,51.14583333333333,124.0625,24.47916666666667,76.0625,22.5,72.5,1451,1195,1062,225
water_draw_1,2026-07-29T02:01:15.083Z,90.781,drawing,,open,9.0,4.720300,3.165520833333334,51.354166666666686,124.43750000000003,24.374999999999986,75.87499999999997,22.900000000000002,73.22,1453,1194,1061,229
water_draw_1,2026-07-29T02:01:15.587Z,91.285,drawing,,open,9.0,4.746775,3.1502083333333335,51.458333333333314,124.62499999999997,24.47916666666667,76.0625,22.6,72.68,1454,1195,1058,226
water_draw_1,2026-07-29T02:01:16.091Z,91.790,drawing,,open,9.0,4.773551,3.1859375000000005,51.77083333333334,125.18750000000003,24.58333333333333,76.25,22.8,73.03999999999999,1457,1196,1065,228
water_draw_1,2026-07-29T02:01:16.595Z,92.294,drawing,,open,9.0,4.799936,3.140000000000001,51.04166666666667,123.875,24.58333333333333,76.25,22.7,72.86,1450,1196,1056,227
water_draw_1,2026-07-29T02:01:17.100Z,92.798,drawing,,open,9.0,4.826497,3.1604166666666673,51.5625,124.8125,24.374999999999986,75.87499999999997,22.7,72.86,1455,1194,1060,227
water_draw_1,2026-07-29T02:01:17.604Z,93.302,drawing,,open,9.0,4.853014,3.1553125,51.25,124.25,24.27083333333333,75.6875,22.900000000000002,73.22,1452,1193,1059,229
water_draw_1,2026-07-29T02:01:18.108Z,93.806,drawing,,open,9.0,4.879533,3.1553125,51.77083333333334,125.18750000000003,24.47916666666667,76.0625,22.8,73.03999999999999,1457,1195,1059,228
water_draw_1,2026-07-29T02:01:18.612Z,94.311,drawing,,open,9.0,4.906179,3.1706250000000002,51.354166666666686,124.43750000000003,24.062499999999986,75.31249999999997,22.5,72.5,1453,1191,1062,225
water_draw_1,2026-07-29T02:01:19.117Z,94.815,drawing,,open,9.0,4.932695,3.1553125,51.354166666666686,124.43750000000003,23.95833333333333,75.125,22.2,71.96000000000001,1453,1190,1059,222
water_draw_1,2026-07-29T02:01:19.621Z,95.319,drawing,,open,9.0,4.959036,3.134895833333333,51.5625,124.8125,24.47916666666667,76.0625,22.2,71.96000000000001,1455,1195,1055,222
water_draw_1,2026-07-29T02:01:20.125Z,95.823,drawing,,open,9.0,4.985593,3.1604166666666673,51.354166666666686,124.43750000000003,24.791666666666686,76.62500000000003,22.3,72.14,1453,1198,1060,223
water_draw_1,2026-07-29T02:01:20.629Z,96.327,drawing,,open,9.0,5.012103,3.1553125,51.354166666666686,124.43750000000003,25.0,77.0,23.0,73.4,1453,1200,1059,230
water_draw_1,2026-07-29T02:01:21.133Z,96.832,drawing,,open,9.0,5.038491,3.140000000000001,51.25,124.25,24.47916666666667,76.0625,22.400000000000002,72.32,1452,1195,1056,224
water_draw_1,2026-07-29T02:01:21.638Z,97.336,drawing,,open,9.0,5.065093,3.165520833333334,51.458333333333314,124.62499999999997,24.895833333333343,76.8125,22.900000000000002,73.22,1454,1199,1061,229
water_draw_1,2026-07-29T02:01:22.142Z,97.840,drawing,,open,9.0,5.091954,3.196145833333333,51.25,124.25,24.58333333333333,76.25,22.8,73.03999999999999,1452,1196,1067,228
water_draw_1,2026-07-29T02:01:22.646Z,98.344,drawing,,open,9.0,5.118643,3.1757291666666667,51.5625,124.8125,24.687500000000014,76.43750000000003,23.0,73.4,1455,1197,1063,230
water_draw_1,2026-07-29T02:01:23.150Z,98.848,drawing,,open,9.0,5.145287,3.1706250000000002,51.458333333333314,124.62499999999997,24.062499999999986,75.31249999999997,22.400000000000002,72.32,1454,1191,1062,224
water_draw_1,2026-07-29T02:01:23.655Z,99.353,drawing,,open,9.0,5.171938,3.1706250000000002,51.458333333333314,124.62499999999997,24.895833333333343,76.8125,22.7,72.86,1454,1199,1062,227
water_draw_1,2026-07-29T02:01:24.159Z,99.857,drawing,,open,9.0,5.198629,3.1757291666666667,51.5625,124.8125,24.791666666666686,76.62500000000003,22.6,72.68,1455,1198,1063,226
water_draw_1,2026-07-29T02:01:24.663Z,100.361,drawing,,open,9.0,5.225363,3.180833333333334,51.25,124.25,24.47916666666667,76.0625,22.3,72.14,1452,1195,1064,223
water_draw_1,2026-07-29T02:01:25.168Z,100.866,drawing,,open,9.0,5.252184,3.1910416666666666,51.458333333333314,124.62499999999997,25.0,77.0,22.2,71.96000000000001,1454,1200,1066,222
water_draw_1,2026-07-29T02:01:25.672Z,101.370,drawing,,open,9.0,5.279005,3.1910416666666666,51.354166666666686,124.43750000000003,25.0,77.0,22.8,73.03999999999999,1453,1200,1066,228
water_draw_1,2026-07-29T02:01:26.176Z,101.874,drawing,,open,9.0,5.305734,3.180833333333334,51.25,124.25,24.58333333333333,76.25,22.7,72.86,1452,1196,1064,227
water_draw_1,2026-07-29T02:01:26.680Z,102.378,drawing,,open,9.0,5.332334,3.165520833333334,51.14583333333333,124.0625,24.895833333333343,76.8125,22.400000000000002,72.32,1451,1199,1061,224
water_draw_1,2026-07-29T02:01:27.184Z,102.883,drawing,,open,9.0,5.359022,3.1757291666666667,51.5625,124.8125,25.3125,77.5625,22.7,72.86,1455,1203,1063,227
water_draw_1,2026-07-29T02:01:27.689Z,103.387,drawing,,open,9.0,5.385877,3.196145833333333,51.66666666666666,125.0,25.3125,77.5625,22.5,72.5,1456,1203,1067,225
water_draw_1,2026-07-29T02:01:28.193Z,103.891,drawing,,open,9.0,5.412608,3.180833333333334,51.354166666666686,124.43750000000003,25.0,77.0,22.8,73.03999999999999,1453,1200,1064,228
water_draw_1,2026-07-29T02:01:28.697Z,104.395,drawing,,open,9.0,5.439169,3.1604166666666673,51.04166666666667,123.875,24.791666666666686,76.62500000000003,23.0,73.4,1450,1198,1060,230
water_draw_1,2026-07-29T02:01:29.201Z,104.900,drawing,,open,9.0,5.465650,3.1502083333333335,51.5625,124.8125,25.208333333333343,77.37500000000003,22.6,72.68,1455,1202,1058,226
water_draw_1,2026-07-29T02:01:29.706Z,105.404,drawing,,open,9.0,5.492348,3.1757291666666667,51.874999999999986,125.37499999999997,24.687500000000014,76.43750000000003,22.2,71.96000000000001,1458,1197,1063,222
water_draw_1,2026-07-29T02:01:30.210Z,105.908,drawing,,open,9.0,5.519042,3.1757291666666667,51.66666666666666,125.0,25.208333333333343,77.37500000000003,22.6,72.68,1456,1202,1063,226
water_draw_1,2026-07-29T02:01:30.714Z,106.412,drawing,,open,9.0,5.545641,3.165520833333334,51.66666666666666,125.0,25.104166666666686,77.18750000000003,22.400000000000002,72.32,1456,1201,1061,224
water_draw_1,2026-07-29T02:01:31.219Z,106.917,drawing,,open,9.0,5.572421,3.1859375000000005,51.354166666666686,124.43750000000003,25.208333333333343,77.37500000000003,22.6,72.68,1453,1202,1065,226
water_draw_1,2026-07-29T02:01:31.723Z,107.421,drawing,,open,9.0,5.599071,3.1706250000000002,51.354166666666686,124.43750000000003,25.0,77.0,22.8,73.03999999999999,1453,1200,1062,228
water_draw_1,2026-07-29T02:01:32.227Z,107.926,drawing,,open,9.0,5.626024,3.206354166666667,51.5625,124.8125,25.0,77.0,22.400000000000002,72.32,1455,1200,1069,224
water_draw_1,2026-07-29T02:01:32.731Z,108.430,drawing,,open,9.0,5.652834,3.1910416666666666,51.458333333333314,124.62499999999997,25.41666666666667,77.75,22.5,72.5,1454,1204,1066,225
water_draw_1,2026-07-29T02:01:33.236Z,108.934,drawing,,open,9.0,5.679653,3.1910416666666666,51.458333333333314,124.62499999999997,25.625000000000014,78.12500000000003,22.3,72.14,1454,1206,1066,223
water_draw_1,2026-07-29T02:01:33.740Z,109.438,drawing,,open,9.0,5.706733,3.221666666666667,51.25,124.25,25.3125,77.5625,22.8,73.03999999999999,1452,1203,1072,228
water_draw_1,2026-07-29T02:01:34.244Z,109.942,drawing,,open,9.0,5.733767,3.2165624999999998,51.5625,124.8125,25.3125,77.5625,22.5,72.5,1455,1203,1071,225
water_draw_1,2026-07-29T02:01:34.749Z,110.447,drawing,,open,9.0,5.760669,3.201250000000001,51.66666666666666,125.0,25.625000000000014,78.12500000000003,22.8,73.03999999999999,1456,1206,1068,228
water_draw_1,2026-07-29T02:01:35.253Z,110.951,drawing,,open,9.0,5.787745,3.221666666666667,51.5625,124.8125,25.41666666666667,77.75,23.0,73.4,1455,1204,1072,230
water_draw_1,2026-07-29T02:01:35.757Z,111.455,drawing,,open,9.0,5.814852,3.2267708333333327,51.354166666666686,124.43750000000003,25.0,77.0,22.900000000000002,73.22,1453,1200,1073,229
water_draw_1,2026-07-29T02:01:36.261Z,111.959,drawing,,open,9.0,5.842013,3.231875000000001,51.5625,124.8125,25.41666666666667,77.75,22.6,72.68,1455,1204,1074,226
water_draw_1,2026-07-29T02:01:36.765Z,112.463,drawing,,open,9.0,5.869123,3.2267708333333327,51.77083333333334,125.18750000000003,25.0,77.0,22.1,71.78,1457,1200,1073,221
water_draw_1,2026-07-29T02:01:37.269Z,112.968,drawing,,open,9.0,5.896328,3.2369791666666674,51.14583333333333,124.0625,24.895833333333343,76.8125,23.0,73.4,1451,1199,1075,230
water_draw_1,2026-07-29T02:01:37.774Z,113.472,drawing,,open,9.0,5.923610,3.2471875000000003,51.77083333333334,125.18750000000003,25.3125,77.5625,22.6,72.68,1457,1203,1077,226
water_draw_1,2026-07-29T02:01:38.278Z,113.976,drawing,,open,9.0,5.950813,3.2369791666666674,51.458333333333314,124.62499999999997,25.104166666666686,77.18750000000003,22.6,72.68,1454,1201,1075,226
water_draw_1,2026-07-29T02:01:38.782Z,114.480,drawing,,open,9.0,5.978018,3.2369791666666674,51.77083333333334,125.18750000000003,25.520833333333343,77.93750000000003,22.900000000000002,73.22,1457,1205,1075,229
water_draw_1,2026-07-29T02:01:39.286Z,114.985,drawing,,open,9.0,6.005141,3.2267708333333327,51.874999999999986,125.37499999999997,25.520833333333343,77.93750000000003,22.400000000000002,72.32,1458,1205,1073,224
water_draw_1,2026-07-29T02:01:39.791Z,115.489,drawing,,open,9.0,6.032604,3.2676041666666666,51.66666666666666,125.0,25.625000000000014,78.12500000000003,23.0,73.4,1456,1206,1081,230
water_draw_1,2026-07-29T02:01:40.295Z,115.993,drawing,,open,9.0,6.060112,3.2727083333333344,51.97916666666667,125.5625,25.3125,77.5625,22.3,72.14,1459,1203,1082,223
water_draw_1,2026-07-29T02:01:40.799Z,116.497,drawing,,open,9.0,6.087872,3.3033333333333337,51.874999999999986,125.37499999999997,25.41666666666667,77.75,22.6,72.68,1458,1204,1088,226
water_draw_1,2026-07-29T02:01:41.303Z,117.002,drawing,,open,9.0,6.115980,3.3441666666666667,51.458333333333314,124.62499999999997,25.104166666666686,77.18750000000003,22.6,72.68,1454,1201,1096,226
water_draw_1,2026-07-29T02:01:41.808Z,117.506,drawing,,open,9.0,6.143738,3.3033333333333337,51.458333333333314,124.62499999999997,25.41666666666667,77.75,22.7,72.86,1454,1204,1088,227
water_draw_1,2026-07-29T02:01:42.312Z,118.010,drawing,,open,9.0,6.171630,3.318645833333334,51.77083333333334,125.18750000000003,25.72916666666667,78.3125,23.0,73.4,1457,1207,1091,230
water_draw_1,2026-07-29T02:01:42.816Z,118.514,drawing,,open,9.0,6.199516,3.318645833333334,51.874999999999986,125.37499999999997,25.520833333333343,77.93750000000003,22.900000000000002,73.22,1458,1205,1091,229
water_draw_1,2026-07-29T02:01:43.320Z,119.019,drawing,,open,9.0,6.227493,3.3288541666666664,51.25,124.25,26.14583333333333,79.0625,23.0,73.4,1452,1211,1093,230
water_draw_1,2026-07-29T02:01:43.825Z,119.523,drawing,,open,9.0,6.255684,3.3543750000000006,51.66666666666666,125.0,25.520833333333343,77.93750000000003,22.400000000000002,72.32,1456,1205,1098,224
water_draw_1,2026-07-29T02:01:44.329Z,120.027,drawing,,open,9.0,6.283746,3.3390625000000003,51.77083333333334,125.18750000000003,25.520833333333343,77.93750000000003,22.3,72.14,1457,1205,1095,223
water_draw_1,2026-07-29T02:01:44.833Z,120.531,drawing,,open,9.0,6.312022,3.3645833333333335,51.97916666666667,125.5625,25.625000000000014,78.12500000000003,22.7,72.86,1459,1206,1100,227
water_draw_1,2026-07-29T02:01:45.337Z,121.036,drawing,,open,9.0,6.340298,3.3645833333333335,51.874999999999986,125.37499999999997,25.208333333333343,77.37500000000003,22.6,72.68,1458,1202,1100,226
water_draw_1,2026-07-29T02:01:45.842Z,121.540,drawing,,open,9.0,6.368617,3.3696875,51.25,124.25,26.041666666666657,78.87499999999997,22.2,71.96000000000001,1452,1210,1101,222
water_draw_1,2026-07-29T02:01:46.346Z,122.044,drawing,,open,9.0,6.396852,3.359479166666667,51.5625,124.8125,25.3125,77.5625,22.2,71.96000000000001,1455,1203,1099,222
water_draw_1,2026-07-29T02:01:46.850Z,122.548,drawing,,open,9.0,6.425252,3.3798958333333338,51.97916666666667,125.5625,26.041666666666657,78.87499999999997,22.6,72.68,1459,1210,1103,226
water_draw_1,2026-07-29T02:01:47.354Z,123.052,drawing,,open,9.0,6.453357,3.3441666666666667,51.458333333333314,124.62499999999997,25.41666666666667,77.75,22.6,72.68,1454,1204,1096,226
water_draw_1,2026-07-29T02:01:47.859Z,123.557,drawing,,open,9.0,6.481712,3.3747916666666673,51.66666666666666,125.0,26.041666666666657,78.87499999999997,22.6,72.68,1456,1210,1102,226
water_draw_1,2026-07-29T02:01:48.363Z,124.061,drawing,,open,9.0,6.509999,3.3645833333333335,51.97916666666667,125.5625,25.937500000000014,78.68750000000003,22.400000000000002,72.32,1459,1209,1100,224
water_draw_1,2026-07-29T02:01:48.867Z,124.565,drawing,,open,9.0,6.538281,3.3645833333333335,51.97916666666667,125.5625,26.25,79.25,23.0,73.4,1459,1212,1100,230
water_draw_1,2026-07-29T02:01:49.371Z,125.070,drawing,,open,9.0,6.566475,3.3543750000000006,51.354166666666686,124.43750000000003,25.625000000000014,78.12500000000003,22.900000000000002,73.22,1453,1206,1098,229
water_draw_1,2026-07-29T02:01:49.876Z,125.574,drawing,,open,9.0,6.594704,3.359479166666667,51.874999999999986,125.37499999999997,25.83333333333333,78.5,22.900000000000002,73.22,1458,1208,1099,229
water_draw_1,2026-07-29T02:01:50.380Z,126.078,drawing,,open,9.0,6.623197,3.3901041666666676,51.66666666666666,125.0,25.83333333333333,78.5,22.400000000000002,72.32,1456,1208,1105,224
water_draw_1,2026-07-29T02:01:50.884Z,126.582,drawing,,open,9.0,6.651382,3.3543750000000006,52.08333333333333,125.75,25.937500000000014,78.68750000000003,22.3,72.14,1460,1209,1098,223
water_draw_1,2026-07-29T02:01:51.388Z,127.087,drawing,,open,9.0,6.679614,3.359479166666667,51.5625,124.8125,25.72916666666667,78.3125,22.3,72.14,1455,1207,1099,223
water_draw_1,2026-07-29T02:01:51.893Z,127.591,drawing,,open,9.0,6.707803,3.3543750000000006,51.14583333333333,124.0625,25.937500000000014,78.68750000000003,22.7,72.86,1451,1209,1098,227
water_draw_1,2026-07-29T02:01:52.397Z,128.095,drawing,,open,9.0,6.735910,3.3441666666666667,51.66666666666666,125.0,26.25,79.25,22.6,72.68,1456,1212,1096,226
water_draw_1,2026-07-29T02:01:52.901Z,128.599,drawing,,open,9.0,6.764142,3.359479166666667,51.77083333333334,125.18750000000003,26.14583333333333,79.0625,22.3,72.14,1457,1211,1099,223
water_draw_1,2026-07-29T02:01:53.405Z,129.104,drawing,,open,9.0,6.792337,3.3543750000000006,51.77083333333334,125.18750000000003,26.041666666666657,78.87499999999997,22.900000000000002,73.22,1457,1210,1098,229
water_draw_1,2026-07-29T02:01:53.910Z,129.608,drawing,,open,9.0,6.820352,3.3339583333333342,51.77083333333334,125.18750000000003,26.041666666666657,78.87499999999997,22.900000000000002,73.22,1457,1210,1094,229
water_draw_1,2026-07-29T02:01:54.414Z,130.112,drawing,,open,9.0,6.846268,3.0838541666666672,52.08333333333333,125.75,26.25,79.25,22.7,72.86,1460,1212,1045,227
water_draw_1,2026-07-29T02:01:54.918Z,130.616,drawing,,open,9.0,6.872138,3.078750000000001,52.08333333333333,125.75,26.041666666666657,78.87499999999997,22.5,72.5,1460,1210,1044,225
water_draw_1,2026-07-29T02:01:55.422Z,131.120,drawing,,open,9.0,6.897928,3.0685416666666674,51.5625,124.8125,26.354166666666686,79.43750000000003,22.3,72.14,1455,1213,1042,223
water_draw_1,2026-07-29T02:01:55.927Z,131.625,drawing,,open,9.0,6.923631,3.0583333333333336,51.97916666666667,125.5625,26.25,79.25,22.8,73.03999999999999,1459,1212,1040,228
water_draw_1,2026-07-29T02:01:56.431Z,132.129,drawing,,open,9.0,6.949513,3.078750000000001,51.5625,124.8125,26.14583333333333,79.0625,22.8,73.03999999999999,1455,1211,1044,228
water_draw_1,2026-07-29T02:01:56.935Z,132.633,drawing,,open,9.0,6.975774,3.1246875000000007,51.874999999999986,125.37499999999997,26.041666666666657,78.87499999999997,22.7,72.86,1458,1210,1053,227
water_draw_1,2026-07-29T02:01:57.439Z,133.138,drawing,,open,9.0,7.001911,3.1093750000000004,51.77083333333334,125.18750000000003,26.25,79.25,22.5,72.5,1457,1212,1050,225
water_draw_1,2026-07-29T02:01:57.944Z,133.642,drawing,,open,9.0,7.028042,3.1093750000000004,51.874999999999986,125.37499999999997,25.83333333333333,78.5,22.400000000000002,72.32,1458,1208,1050,224
water_draw_1,2026-07-29T02:01:58.448Z,134.146,drawing,,open,9.0,7.054262,3.1195833333333343,52.08333333333333,125.75,26.041666666666657,78.87499999999997,22.400000000000002,72.32,1460,1210,1052,224
water_draw_1,2026-07-29T02:01:58.952Z,134.650,drawing,,open,9.0,7.080650,3.140000000000001,51.66666666666666,125.0,25.83333333333333,78.5,22.900000000000002,73.22,1456,1208,1056,229
water_draw_1,2026-07-29T02:01:59.456Z,135.155,drawing,,open,9.0,7.106740,3.104270833333334,51.874999999999986,125.37499999999997,26.25,79.25,22.400000000000002,72.32,1458,1212,1049,224
water_draw_1,2026-07-29T02:01:59.961Z,135.659,drawing,,open,9.0,7.132997,3.1246875000000007,51.66666666666666,125.0,26.14583333333333,79.0625,22.2,71.96000000000001,1456,1211,1053,222
water_draw_1,2026-07-29T02:02:00.465Z,136.163,drawing,,open,9.0,7.158997,3.0940625,51.14583333333333,124.0625,25.937500000000014,78.68750000000003,22.8,73.03999999999999,1451,1209,1047,228
water_draw_1,2026-07-29T02:02:00.969Z,136.667,drawing,,open,9.0,7.185211,3.1195833333333343,51.97916666666667,125.5625,25.937500000000014,78.68750000000003,22.2,71.96000000000001,1459,1209,1052,222
water_draw_1,2026-07-29T02:02:01.474Z,137.172,drawing,,open,9.0,7.211607,3.140000000000001,51.458333333333314,124.62499999999997,26.25,79.25,22.2,71.96000000000001,1454,1212,1056,222
water_draw_1,2026-07-29T02:02:01.978Z,137.676,drawing,,open,9.0,7.237876,3.1246875000000007,51.874999999999986,125.37499999999997,26.458333333333314,79.62499999999997,22.6,72.68,1458,1214,1053,226
water_draw_1,2026-07-29T02:02:02.482Z,138.180,drawing,,open,9.0,7.264225,3.134895833333333,52.08333333333333,125.75,26.25,79.25,23.0,73.4,1460,1212,1055,230
water_draw_1,2026-07-29T02:02:02.986Z,138.685,drawing,,open,9.0,7.290395,3.114479166666667,51.77083333333334,125.18750000000003,26.354166666666686,79.43750000000003,22.8,73.03999999999999,1457,1213,1051,228
water_draw_1,2026-07-29T02:02:03.491Z,139.189,drawing,,open,9.0,7.316664,3.1246875000000007,51.66666666666666,125.0,26.5625,79.8125,22.900000000000002,73.22,1456,1215,1053,229
water_draw_1,2026-07-29T02:02:03.995Z,139.693,drawing,,open,9.0,7.342927,3.1246875000000007,51.66666666666666,125.0,26.354166666666686,79.43750000000003,22.900000000000002,73.22,1456,1213,1053,229
water_draw_1,2026-07-29T02:02:04.499Z,140.198,drawing,,open,9.0,7.368889,3.088958333333335,51.874999999999986,125.37499999999997,26.25,79.25,22.7,72.86,1458,1212,1046,227
water_draw_1,2026-07-29T02:02:05.003Z,140.702,drawing,,open,9.0,7.394930,3.0991666666666675,51.77083333333334,125.18750000000003,26.354166666666686,79.43750000000003,22.2,71.96000000000001,1457,1213,1048,222
water_draw_1,2026-07-29T02:02:05.508Z,141.206,drawing,,open,9.0,7.421188,3.1246875000000007,51.874999999999986,125.37499999999997,26.458333333333314,79.62499999999997,22.400000000000002,72.32,1458,1214,1053,224
water_draw_1,2026-07-29T02:02:06.012Z,141.710,drawing,,open,9.0,7.447187,3.0940625,51.77083333333334,125.18750000000003,26.25,79.25,22.8,73.03999999999999,1457,1212,1047,228
water_draw_1,2026-07-29T02:02:06.516Z,142.214,drawing,,open,9.0,7.473489,3.129791666666667,51.874999999999986,125.37499999999997,26.666666666666657,80.0,23.0,73.4,1458,1216,1054,230
water_draw_1,2026-07-29T02:02:07.020Z,142.719,drawing,,open,9.0,7.499662,3.114479166666667,51.66666666666666,125.0,26.874999999999986,80.37499999999997,22.8,73.03999999999999,1456,1218,1051,228
water_draw_1,2026-07-29T02:02:07.524Z,143.223,drawing,,open,9.0,7.526048,3.140000000000001,51.97916666666667,125.5625,26.5625,79.8125,22.5,72.5,1459,1215,1056,225
water_draw_1,2026-07-29T02:02:08.029Z,143.727,drawing,,open,9.0,7.552347,3.129791666666667,51.874999999999986,125.37499999999997,26.14583333333333,79.0625,23.0,73.4,1458,1211,1054,230
water_draw_1,2026-07-29T02:02:08.533Z,144.231,drawing,,open,9.0,7.578655,3.129791666666667,51.5625,124.8125,26.666666666666657,80.0,22.400000000000002,72.32,1455,1216,1054,224
water_draw_1,2026-07-29T02:02:09.037Z,144.735,drawing,,open,9.0,7.604914,3.1246875000000007,51.77083333333334,125.18750000000003,26.666666666666657,80.0,23.0,73.4,1457,1216,1053,230
water_draw_1,2026-07-29T02:02:09.541Z,145.240,drawing,,open,9.0,7.631173,3.1246875000000007,51.874999999999986,125.37499999999997,26.770833333333343,80.18750000000003,22.5,72.5,1458,1217,1053,225
water_draw_1,2026-07-29T02:02:10.046Z,145.744,drawing,,open,9.0,7.657561,3.140000000000001,51.77083333333334,125.18750000000003,26.458333333333314,79.62499999999997,22.8,73.03999999999999,1457,1214,1056,228
water_draw_1,2026-07-29T02:02:10.550Z,146.248,drawing,,open,9.0,7.683562,3.0940625,51.97916666666667,125.5625,26.666666666666657,80.0,22.400000000000002,72.32,1459,1216,1047,224
water_draw_1,2026-07-29T02:02:11.054Z,146.752,drawing,,open,9.0,7.709859,3.129791666666667,51.97916666666667,125.5625,26.770833333333343,80.18750000000003,22.7,72.86,1459,1217,1054,227
water_draw_1,2026-07-29T02:02:11.558Z,147.256,drawing,,open,9.0,7.736075,3.1195833333333343,51.97916666666667,125.5625,26.97916666666667,80.5625,22.7,72.86,1459,1219,1052,227
water_draw_1,2026-07-29T02:02:12.063Z,147.761,drawing,,open,9.0,7.762245,3.114479166666667,51.77083333333334,125.18750000000003,26.874999999999986,80.37499999999997,22.900000000000002,73.22,1457,1218,1051,229
water_draw_1,2026-07-29T02:02:12.567Z,148.265,drawing,,open,9.0,7.788432,3.114479166666667,51.66666666666666,125.0,26.666666666666657,80.0,22.400000000000002,72.32,1456,1216,1051,224
water_draw_1,2026-07-29T02:02:13.071Z,148.769,drawing,,open,9.0,7.814650,3.1195833333333343,51.458333333333314,124.62499999999997,27.08333333333333,80.75,22.900000000000002,73.22,1454,1220,1052,229
water_draw_1,2026-07-29T02:02:13.575Z,149.274,drawing,,open,9.0,7.840700,3.0991666666666675,51.458333333333314,124.62499999999997,27.08333333333333,80.75,23.0,73.4,1454,1220,1048,230
water_draw_1,2026-07-29T02:02:14.080Z,149.778,drawing,,open,9.0,7.866742,3.0991666666666675,51.5625,124.8125,26.874999999999986,80.37499999999997,22.900000000000002,73.22,1455,1218,1048,229
water_draw_1,2026-07-29T02:02:14.584Z,150.282,drawing,,open,9.0,7.892916,3.114479166666667,51.874999999999986,125.37499999999997,26.874999999999986,80.37499999999997,22.8,73.03999999999999,1458,1218,1051,228
water_draw_1,2026-07-29T02:02:15.088Z,150.786,drawing,,open,9.0,7.919009,3.104270833333334,51.97916666666667,125.5625,26.874999999999986,80.37499999999997,22.3,72.14,1459,1218,1049,223
water_draw_1,2026-07-29T02:02:15.592Z,151.291,drawing,,open,9.0,7.945182,3.114479166666667,52.08333333333333,125.75,26.5625,79.8125,23.0,73.4,1460,1215,1051,230
water_draw_1,2026-07-29T02:02:16.097Z,151.795,drawing,,open,9.0,7.971565,3.140000000000001,51.5625,124.8125,26.97916666666667,80.5625,22.6,72.68,1455,1219,1056,226
water_draw_1,2026-07-29T02:02:16.601Z,152.299,drawing,,open,9.0,7.997695,3.1093750000000004,51.97916666666667,125.5625,26.770833333333343,80.18750000000003,22.7,72.86,1459,1217,1050,227
water_draw_1,2026-07-29T02:02:17.105Z,152.803,drawing,,open,9.0,8.023993,3.129791666666667,51.97916666666667,125.5625,27.499999999999986,81.49999999999997,22.7,72.86,1459,1224,1054,227
water_draw_1,2026-07-29T02:02:17.611Z,153.309,drawing,,open,9.0,8.050210,3.1093750000000004,51.66666666666666,125.0,27.08333333333333,80.75,22.3,72.14,1456,1220,1050,223
water_draw_1,2026-07-29T02:02:18.116Z,153.814,drawing,,open,9.0,8.076506,3.1246875000000007,51.5625,124.8125,27.08333333333333,80.75,23.1,73.58000000000001,1455,1220,1053,231
water_draw_1,2026-07-29T02:02:18.621Z,154.318,drawing,,open,9.0,8.102519,3.0940625,51.97916666666667,125.5625,26.97916666666667,80.5625,23.0,73.4,1459,1219,1047,230
water_draw_1,2026-07-29T02:02:19.126Z,154.824,drawing,,open,9.0,8.128792,3.1195833333333343,51.77083333333334,125.18750000000003,27.291666666666643,81.12499999999997,22.400000000000002,72.32,1457,1222,1052,224
water_draw_1,2026-07-29T02:02:19.631Z,155.328,drawing,,open,9.0,8.155015,3.1195833333333343,51.97916666666667,125.5625,27.08333333333333,80.75,22.8,73.03999999999999,1459,1220,1052,228
water_draw_1,2026-07-29T02:02:20.135Z,155.834,drawing,,open,9.0,8.181428,3.134895833333333,51.97916666666667,125.5625,27.187500000000014,80.93750000000003,22.900000000000002,73.22,1459,1221,1055,229
water_draw_1,2026-07-29T02:02:20.640Z,156.338,drawing,,open,9.0,8.207433,3.0940625,51.66666666666666,125.0,27.187500000000014,80.93750000000003,22.7,72.86,1456,1221,1047,227
water_draw_1,2026-07-29T02:02:21.145Z,156.843,drawing,,open,9.0,8.232304,2.9562500000000003,52.29166666666664,126.12499999999997,27.291666666666643,81.12499999999997,22.3,72.14,1462,1222,1020,223
water_draw_1,2026-07-29T02:02:21.649Z,157.347,drawing,,open,9.0,8.256765,2.9103125000000007,51.874999999999986,125.37499999999997,27.499999999999986,81.49999999999997,22.900000000000002,73.22,1458,1224,1011,229
water_draw_1,2026-07-29T02:02:22.153Z,157.852,drawing,,open,9.0,8.282357,3.0430208333333333,51.5625,124.8125,27.39583333333333,81.3125,22.900000000000002,73.22,1455,1223,1037,229
water_draw_1,2026-07-29T02:02:22.658Z,158.356,drawing,,open,9.0,8.308102,3.0634374999999996,52.08333333333333,125.75,27.291666666666643,81.12499999999997,22.7,72.86,1460,1222,1041,227
water_draw_1,2026-07-29T02:02:23.162Z,158.861,drawing,,open,9.0,8.333397,3.0072916666666676,51.66666666666666,125.0,27.39583333333333,81.3125,22.8,73.03999999999999,1456,1223,1030,228
water_draw_1,2026-07-29T02:02:23.667Z,159.365,drawing,,open,9.0,8.357818,2.9052083333333334,51.77083333333334,125.18750000000003,27.6041666666667,81.68750000000006,22.400000000000002,72.32,1457,1225,1010,224
water_draw_1,2026-07-29T02:02:24.171Z,159.870,drawing,,open,9.0,8.382770,2.966458333333334,51.66666666666666,125.0,27.08333333333333,80.75,22.2,71.96000000000001,1456,1220,1022,222
water_draw_1,2026-07-29T02:02:24.676Z,160.374,drawing,,open,9.0,8.408299,3.037916666666667,51.874999999999986,125.37499999999997,27.39583333333333,81.3125,22.6,72.68,1458,1223,1036,226
water_draw_1,2026-07-29T02:02:25.180Z,160.878,drawing,,open,9.0,8.434193,3.078750000000001,51.97916666666667,125.5625,27.70833333333333,81.875,22.5,72.5,1459,1226,1044,225
water_draw_1,2026-07-29T02:02:25.685Z,161.383,drawing,,open,9.0,8.459904,3.0583333333333336,51.354166666666686,124.43750000000003,27.499999999999986,81.49999999999997,22.6,72.68,1453,1224,1040,226
water_draw_1,2026-07-29T02:02:26.189Z,161.887,drawing,,open,9.0,8.485617,3.0583333333333336,51.97916666666667,125.5625,27.6041666666667,81.68750000000006,22.6,72.68,1459,1225,1040,226
water_draw_1,2026-07-29T02:02:26.694Z,162.391,drawing,,open,9.0,8.511404,3.0685416666666674,52.39583333333333,126.3125,27.812500000000014,82.06250000000003,23.0,73.4,1463,1227,1042,230
water_draw_1,2026-07-29T02:02:27.198Z,162.896,drawing,,open,9.0,8.537515,3.104270833333334,51.458333333333314,124.62499999999997,27.812500000000014,82.06250000000003,22.400000000000002,72.32,1454,1227,1049,224
water_draw_1,2026-07-29T02:02:27.703Z,163.400,drawing,,open,9.0,8.563818,3.129791666666667,51.77083333333334,125.18750000000003,27.812500000000014,82.06250000000003,22.400000000000002,72.32,1457,1227,1054,224
water_draw_1,2026-07-29T02:02:28.207Z,163.905,drawing,,open,9.0,8.590103,3.1246875000000007,51.97916666666667,125.5625,27.812500000000014,82.06250000000003,22.8,73.03999999999999,1459,1227,1053,228
water_draw_1,2026-07-29T02:02:28.711Z,164.410,drawing,,open,9.0,8.616371,3.1246875000000007,51.77083333333334,125.18750000000003,27.916666666666686,82.25000000000003,22.900000000000002,73.22,1457,1228,1053,229
water_draw_1,2026-07-29T02:02:29.215Z,164.914,drawing,,open,9.0,8.642512,3.1093750000000004,52.187500000000014,125.93750000000003,27.916666666666686,82.25000000000003,22.1,71.78,1461,1228,1050,221
water_draw_1,2026-07-29T02:02:29.720Z,165.417,drawing,,open,9.0,8.668850,3.140000000000001,51.874999999999986,125.37499999999997,27.916666666666686,82.25000000000003,22.7,72.86,1458,1228,1056,227
water_draw_1,2026-07-29T02:02:30.225Z,165.923,drawing,,open,9.0,8.695226,3.129791666666667,51.5625,124.8125,27.6041666666667,81.68750000000006,22.3,72.14,1455,1225,1054,223
water_draw_1,2026-07-29T02:02:30.729Z,166.427,drawing,,open,9.0,8.721745,3.1553125,51.5625,124.8125,27.812500000000014,82.06250000000003,22.400000000000002,72.32,1455,1227,1059,224
water_draw_1,2026-07-29T02:02:31.234Z,166.932,drawing,,open,9.0,8.748190,3.145104166666667,51.97916666666667,125.5625,27.916666666666686,82.25000000000003,22.6,72.68,1459,1228,1057,226
water_draw_1,2026-07-29T02:02:31.738Z,167.436,drawing,,open,9.0,8.774455,3.1246875000000007,52.08333333333333,125.75,27.812500000000014,82.06250000000003,23.0,73.4,1460,1227,1053,230
water_draw_1,2026-07-29T02:02:32.242Z,167.941,drawing,,open,9.0,8.800645,3.114479166666667,51.354166666666686,124.43750000000003,28.54166666666667,83.375,22.8,73.03999999999999,1453,1234,1051,228
water_draw_1,2026-07-29T02:02:32.747Z,168.445,drawing,,open,9.0,8.826865,3.1195833333333343,51.97916666666667,125.5625,28.020833333333343,82.4375,22.5,72.5,1459,1229,1052,225
water_draw_1,2026-07-29T02:02:33.251Z,168.949,drawing,,open,9.0,8.853103,3.1195833333333343,51.97916666666667,125.5625,28.125,82.625,22.400000000000002,72.32,1459,1230,1052,224
water_draw_1,2026-07-29T02:02:33.756Z,169.454,drawing,,open,9.0,8.879495,3.140000000000001,51.97916666666667,125.5625,27.812500000000014,82.06250000000003,22.7,72.86,1459,1227,1056,227
water_draw_1,2026-07-29T02:02:34.260Z,169.958,drawing,,open,9.0,8.905900,3.140000000000001,51.77083333333334,125.18750000000003,27.6041666666667,81.68750000000006,22.7,72.86,1457,1225,1056,227
water_draw_1,2026-07-29T02:02:34.765Z,170.463,drawing,,open,9.0,8.932331,3.145104166666667,52.08333333333333,125.75,28.229166666666686,82.81250000000003,22.6,72.68,1460,1231,1057,226
water_draw_1,2026-07-29T02:02:35.269Z,170.967,drawing,,open,9.0,8.958565,3.1195833333333343,52.187500000000014,125.93750000000003,28.020833333333343,82.4375,22.400000000000002,72.32,1461,1229,1052,224
water_draw_1,2026-07-29T02:02:35.774Z,171.471,drawing,,open,9.0,8.984823,3.1246875000000007,51.77083333333334,125.18750000000003,27.70833333333333,81.875,22.6,72.68,1457,1226,1053,226
water_draw_1,2026-07-29T02:02:36.278Z,171.977,drawing,,open,9.0,9.011096,3.1195833333333343,52.08333333333333,125.75,27.916666666666686,82.25000000000003,22.5,72.5,1460,1228,1052,225
water_draw_1,2026-07-29T02:02:36.279Z,171.981,completed,target_reached,closed,9.0,9.011096,3.1195833333333343,52.08333333333333,125.75,27.916666666666686,82.25000000000003,22.5,72.5,1460,1228,1052,225
