timestamp_pacific,monitor_elapsed_seconds,status,record_reason,voltage_rms,current_rms,real_power,reactive_power,apparent_power,power_factor
2026-08-09T13:10:08.491-07:00,0.001,ok,initial_sample,120.214,0.000,2.314,8.099,9.256,0.250
2026-08-09T13:10:46.687-07:00,38.193,ok,current_change|heater_on,120.244,0.149,18.512,23.140,28.925,0.640
2026-08-09T13:10:47.693-07:00,39.199,ok,current_change|heater_off,120.136,0.000,13.884,18.512,23.140,0.600
2026-08-09T13:10:48.700-07:00,40.206,ok,current_change|heater_on,120.156,0.185,20.826,26.611,34.709,0.633
2026-08-09T13:10:54.736-07:00,46.242,ok,current_change,120.136,0.308,32.396,38.180,50.907,0.658
2026-08-09T13:11:10.830-07:00,62.336,ok,current_change,120.097,0.196,20.826,28.925,35.866,0.580
2026-08-09T13:11:15.854-07:00,67.363,ok,current_change,120.185,0.308,32.396,38.180,50.907,0.636
2026-08-09T13:11:26.908-07:00,78.414,ok,current_change|power_change,119.922,1.567,205.943,76.361,219.827,0.937
2026-08-09T13:11:27.915-07:00,79.421,ok,current_change|power_change,119.990,1.964,261.478,77.518,275.362,0.962
2026-08-09T13:11:28.921-07:00,80.427,ok,current_change,120.010,2.212,296.188,74.047,305.443,0.969
2026-08-09T13:11:29.928-07:00,81.434,ok,current_change,119.873,2.362,312.385,89.088,326.269,0.961
2026-08-09T13:11:31.940-07:00,83.446,ok,current_change,120.029,2.478,328.583,87.931,341.310,0.966
2026-08-09T13:11:34.959-07:00,86.465,ok,current_change,120.019,2.612,349.409,85.617,359.822,0.971
2026-08-09T13:11:36.972-07:00,88.478,ok,current_change,120.010,2.732,365.607,82.146,376.019,0.975
2026-08-09T13:11:38.985-07:00,90.491,ok,current_change,119.854,2.962,393.374,96.030,407.258,0.971
2026-08-09T13:11:53.068-07:00,104.574,ok,current_change,119.864,2.853,381.804,84.460,391.060,0.976
2026-08-09T13:12:06.144-07:00,117.650,ok,current_change,119.825,2.976,395.688,96.030,403.787,0.971
2026-08-09T13:12:26.245-07:00,137.751,ok,current_change,119.893,3.111,414.200,98.344,425.770,0.973
2026-08-09T13:12:45.357-07:00,156.863,ok,current_change,119.864,3.234,430.398,99.501,441.967,0.974
2026-08-09T13:12:56.422-07:00,167.928,ok,current_change,119.961,3.348,446.595,101.814,454.694,0.977
2026-08-09T13:12:59.440-07:00,170.946,ok,current_change,119.786,3.243,432.712,94.873,446.595,0.977
2026-08-09T13:13:09.499-07:00,181.005,ok,current_change,119.912,3.344,446.595,96.030,457.008,0.977
2026-08-09T13:13:19.541-07:00,191.047,ok,current_change,119.981,3.447,460.479,98.344,470.892,0.978
2026-08-09T13:13:35.636-07:00,207.142,ok,current_change,119.903,3.560,472.049,109.913,485.933,0.974
2026-08-09T13:13:47.707-07:00,219.213,ok,current_change,119.912,3.674,488.247,111.070,500.974,0.974
2026-08-09T13:14:01.789-07:00,233.295,ok,current_change,119.786,3.794,502.131,118.012,517.171,0.973
2026-08-09T13:14:22.896-07:00,254.402,ok,current_change,119.912,3.924,520.642,120.326,534.526,0.974
2026-08-09T13:14:48.044-07:00,279.550,ok,current_change,119.659,4.054,536.840,116.855,550.724,0.977
2026-08-09T13:15:06.149-07:00,297.655,ok,current_change,119.795,4.176,555.352,119.169,568.079,0.978
2026-08-09T13:15:08.161-07:00,299.667,ok,current_change,119.776,4.292,566.922,130.739,579.648,0.974
2026-08-09T13:15:45.362-07:00,336.868,ok,current_change,119.698,4.397,580.805,133.053,597.003,0.975
2026-08-09T13:16:27.592-07:00,379.098,ok,current_change,119.581,4.522,599.317,129.582,613.201,0.977
2026-08-09T13:16:28.599-07:00,380.105,ok,current_change,119.747,4.420,585.433,127.268,600.474,0.977
2026-08-09T13:17:06.821-07:00,418.327,ok,current_change,119.766,4.531,601.631,129.582,615.515,0.977
2026-08-09T13:18:07.154-07:00,478.660,ok,heartbeat,119.571,4.533,599.317,129.582,614.358,0.977
2026-08-09T13:19:07.486-07:00,538.992,ok,heartbeat,119.727,4.513,597.003,139.995,613.201,0.973
2026-08-09T13:20:01.784-07:00,593.290,ok,current_change,119.630,4.620,610.887,135.367,627.085,0.976
2026-08-09T13:21:02.117-07:00,653.623,ok,heartbeat,119.513,4.612,610.887,124.954,624.771,0.979
2026-08-09T13:22:02.450-07:00,713.956,ok,heartbeat,119.581,4.698,620.143,142.309,636.340,0.974
2026-08-09T13:23:02.783-07:00,774.289,ok,heartbeat,119.581,4.719,622.457,142.309,639.811,0.975
2026-08-09T13:24:03.116-07:00,834.622,ok,heartbeat,120.302,4.716,627.085,137.681,642.125,0.977
2026-08-09T13:24:26.236-07:00,857.742,ok,current_change,120.536,4.842,643.282,144.623,660.637,0.975
2026-08-09T13:24:28.248-07:00,859.754,ok,current_change,120.546,4.732,631.713,133.053,645.596,0.978
2026-08-09T13:25:28.581-07:00,920.087,ok,heartbeat,120.487,4.755,631.713,143.466,649.067,0.975
2026-08-09T13:26:28.914-07:00,980.420,ok,heartbeat,120.302,4.788,636.340,143.466,651.381,0.977
2026-08-09T13:27:29.247-07:00,1040.753,ok,heartbeat,120.331,4.781,634.027,143.466,651.381,0.975
2026-08-09T13:28:00.429-07:00,1071.935,ok,current_change,120.244,4.882,647.910,150.408,665.265,0.974
2026-08-09T13:28:17.515-07:00,1089.025,ok,current_change,120.380,4.777,636.340,133.053,651.381,0.979
2026-08-09T13:29:07.803-07:00,1139.309,ok,current_change,120.448,4.893,650.224,150.408,666.422,0.976
2026-08-09T13:29:37.979-07:00,1169.485,ok,current_change,120.409,4.790,636.340,143.466,653.695,0.975
2026-08-09T13:30:38.314-07:00,1229.820,ok,heartbeat,120.351,4.819,640.968,138.838,657.166,0.977
2026-08-09T13:31:38.647-07:00,1290.153,ok,heartbeat,120.253,4.794,638.654,133.053,656.009,0.979
2026-08-09T13:32:38.981-07:00,1350.487,ok,heartbeat,120.468,4.812,638.654,144.623,656.009,0.975
2026-08-09T13:33:26.236-07:00,1397.742,ok,current_change,120.283,4.919,652.538,145.780,669.893,0.976
2026-08-09T13:34:26.587-07:00,1458.093,ok,heartbeat,120.244,4.920,652.538,150.408,669.893,0.974
2026-08-09T13:35:26.922-07:00,1518.428,ok,heartbeat,120.341,4.920,654.852,135.367,669.893,0.979
2026-08-09T13:36:27.257-07:00,1578.763,ok,heartbeat,120.234,4.882,650.224,139.995,665.265,0.977
2026-08-09T13:37:27.591-07:00,1639.097,ok,heartbeat,120.205,4.895,647.910,150.408,666.422,0.974
2026-08-09T13:38:27.924-07:00,1699.430,ok,heartbeat,120.292,4.897,652.538,134.210,666.422,0.977
2026-08-09T13:39:28.258-07:00,1759.764,ok,heartbeat,120.127,4.886,647.910,139.995,664.108,0.977
2026-08-09T13:40:28.593-07:00,1820.099,ok,heartbeat,120.136,4.906,650.224,145.780,666.422,0.977
2026-08-09T13:41:28.928-07:00,1880.434,ok,heartbeat,120.302,4.913,652.538,139.995,668.736,0.977
2026-08-09T13:42:29.261-07:00,1940.767,ok,heartbeat,120.068,4.926,652.538,145.780,668.736,0.976
2026-08-09T13:43:29.595-07:00,2001.101,ok,heartbeat,120.234,4.924,654.852,135.367,669.893,0.979
2026-08-09T13:44:29.929-07:00,2061.435,ok,heartbeat,120.107,4.935,657.166,135.367,671.050,0.979
2026-08-09T13:45:30.262-07:00,2121.768,ok,heartbeat,120.214,4.940,657.166,141.152,672.207,0.978
2026-08-09T13:46:20.555-07:00,2172.061,ok,current_change,120.214,5.049,671.050,148.094,687.248,0.976
2026-08-09T13:46:33.632-07:00,2185.138,ok,current_change,120.185,4.942,657.166,135.367,672.207,0.979
2026-08-09T13:47:33.966-07:00,2245.472,ok,heartbeat,120.273,4.969,659.480,146.937,676.835,0.976
2026-08-09T13:48:34.315-07:00,2305.821,ok,heartbeat,120.244,4.986,661.794,151.565,679.149,0.974
2026-08-09T13:49:34.649-07:00,2366.155,ok,heartbeat,120.273,4.982,659.480,151.565,677.992,0.974
2026-08-09T13:50:34.983-07:00,2426.489,ok,heartbeat,120.244,4.987,664.108,141.152,679.149,0.978
2026-08-09T13:51:35.319-07:00,2486.825,ok,heartbeat,120.107,5.007,661.794,151.565,680.306,0.974
2026-08-09T13:52:35.652-07:00,2547.158,ok,heartbeat,120.000,4.989,661.794,141.152,677.992,0.978
2026-08-09T13:53:36.002-07:00,2607.508,ok,heartbeat,120.010,5.002,664.108,136.524,679.149,0.979
2026-08-09T13:54:36.334-07:00,2667.840,ok,heartbeat,120.166,5.024,666.422,152.722,683.777,0.975
2026-08-09T13:55:36.668-07:00,2728.174,ok,heartbeat,120.010,4.991,664.108,135.367,677.992,0.979
2026-08-09T13:56:37.000-07:00,2788.506,ok,heartbeat,120.088,4.989,661.794,141.152,677.992,0.978
2026-08-09T13:57:37.331-07:00,2848.837,ok,heartbeat,119.883,4.993,661.794,141.152,677.992,0.978
2026-08-09T13:58:37.664-07:00,2909.170,ok,heartbeat,120.029,4.996,664.108,141.152,679.149,0.978
2026-08-09T13:59:37.999-07:00,2969.505,ok,heartbeat,119.903,5.011,664.108,141.152,681.463,0.978
2026-08-09T14:00:38.330-07:00,3029.836,ok,heartbeat,119.854,5.002,661.794,146.937,679.149,0.976
2026-08-09T14:01:38.647-07:00,3090.153,ok,heartbeat,120.117,4.995,661.794,151.565,679.149,0.974
2026-08-09T14:02:38.981-07:00,3150.487,ok,heartbeat,120.049,5.047,666.422,157.350,686.091,0.973
2026-08-09T14:03:39.313-07:00,3210.819,ok,heartbeat,120.166,5.025,668.736,146.937,684.934,0.976
2026-08-09T14:04:39.647-07:00,3271.153,ok,heartbeat,119.990,5.040,668.736,146.937,682.620,0.976
2026-08-09T14:05:39.981-07:00,3331.487,ok,heartbeat,119.951,5.044,668.736,142.309,681.463,0.979
2026-08-09T14:06:40.313-07:00,3391.819,ok,heartbeat,119.981,5.051,671.050,142.309,686.091,0.978
2026-08-09T14:07:40.645-07:00,3452.151,ok,heartbeat,119.971,5.098,673.364,153.879,690.719,0.975
2026-08-09T14:08:40.979-07:00,3512.485,ok,heartbeat,119.795,5.054,666.422,157.350,686.091,0.973
2026-08-09T14:09:41.312-07:00,3572.818,ok,heartbeat,119.834,5.060,671.050,142.309,686.091,0.978
2026-08-09T14:10:41.647-07:00,3633.153,ok,heartbeat,119.873,5.067,668.736,152.722,687.248,0.975
2026-08-09T14:11:41.998-07:00,3693.504,ok,heartbeat,119.961,5.083,673.364,152.722,690.719,0.975
2026-08-09T14:12:42.328-07:00,3753.834,ok,heartbeat,120.000,5.071,673.364,136.524,688.405,0.979
2026-08-09T14:13:42.678-07:00,3814.184,ok,heartbeat,119.893,5.078,671.050,152.722,689.562,0.975
2026-08-09T14:14:43.012-07:00,3874.518,ok,heartbeat,119.864,5.105,675.678,148.094,693.033,0.977
2026-08-09T14:14:57.095-07:00,3888.601,ok,current_change|power_change,120.244,0.230,23.140,32.396,39.337,0.588
2026-08-09T14:15:57.427-07:00,3948.933,ok,heartbeat,120.127,0.223,23.140,31.239,39.337,0.588
2026-08-09T14:16:12.515-07:00,3964.021,ok,current_change|heater_off,120.312,0.000,0.000,8.099,9.256,0.125
2026-08-09T14:17:12.847-07:00,4024.353,ok,heartbeat,120.185,0.000,0.000,8.099,9.256,0.125
2026-08-09T14:18:13.179-07:00,4084.685,ok,heartbeat,120.205,0.000,0.000,6.942,8.099,0.143
2026-08-09T14:19:13.514-07:00,4145.020,ok,heartbeat,120.107,0.000,2.314,8.099,9.256,0.250
2026-08-09T14:20:13.848-07:00,4205.354,ok,heartbeat,120.283,0.000,2.314,8.099,9.256,0.250
2026-08-09T14:21:14.182-07:00,4265.687,ok,heartbeat,120.224,0.000,0.000,6.942,8.099,0.143
2026-08-09T14:22:14.512-07:00,4326.021,ok,heartbeat,120.253,0.000,0.000,6.942,8.099,0.143
2026-08-09T14:23:14.845-07:00,4386.355,ok,heartbeat,120.468,0.000,0.000,6.942,8.099,0.143
2026-08-09T14:24:15.178-07:00,4446.687,ok,heartbeat,120.594,0.000,0.000,8.099,9.256,0.125
2026-08-09T14:25:15.515-07:00,4507.021,ok,heartbeat,120.536,0.000,2.314,8.099,9.256,0.250
2026-08-09T14:26:15.860-07:00,4567.369,ok,heartbeat,120.546,0.000,2.314,6.942,8.099,0.285
2026-08-09T14:27:16.192-07:00,4627.701,ok,heartbeat,120.819,0.000,0.000,8.099,9.256,0.125
2026-08-09T14:28:16.521-07:00,4688.031,ok,heartbeat,120.604,0.000,2.314,8.099,9.256,0.250
2026-08-09T14:29:16.855-07:00,4748.364,ok,heartbeat,120.585,0.000,2.314,8.099,9.256,0.250
2026-08-09T14:30:17.186-07:00,4808.695,ok,heartbeat,120.585,0.000,2.314,8.099,9.256,0.250
2026-08-09T14:31:17.527-07:00,4869.033,ok,heartbeat,120.526,0.000,2.314,8.099,9.256,0.250
2026-08-09T14:32:17.862-07:00,4929.372,ok,heartbeat,120.468,0.000,0.000,8.099,8.099,0.000
2026-08-09T14:33:18.194-07:00,4989.703,ok,heartbeat,120.516,0.000,2.314,8.099,9.256,0.250
2026-08-09T14:34:18.523-07:00,5050.032,ok,heartbeat,120.448,0.000,2.314,8.099,9.256,0.250
2026-08-09T14:35:18.873-07:00,5110.379,ok,heartbeat,120.273,0.000,0.000,6.942,8.099,0.143
2026-08-09T14:36:19.206-07:00,5170.715,ok,heartbeat,120.429,0.000,0.000,8.099,9.256,0.125
2026-08-09T14:37:19.538-07:00,5231.044,ok,heartbeat,120.507,0.000,2.314,8.099,9.256,0.250
2026-08-09T14:38:19.871-07:00,5291.377,ok,heartbeat,120.526,0.000,0.000,8.099,9.256,0.125
2026-08-09T14:39:20.205-07:00,5351.711,ok,heartbeat,120.478,0.000,2.314,6.942,8.099,0.285
2026-08-09T14:40:20.539-07:00,5412.045,ok,heartbeat,120.302,0.000,2.314,8.099,9.256,0.250
2026-08-09T14:41:20.873-07:00,5472.379,ok,heartbeat,120.341,0.000,2.314,6.942,8.099,0.285
2026-08-09T14:42:21.223-07:00,5532.729,ok,heartbeat,120.283,0.000,0.000,6.942,8.099,0.143
2026-08-09T14:43:21.557-07:00,5593.063,ok,heartbeat,120.263,0.000,2.314,8.099,8.099,0.143
2026-08-09T14:44:21.891-07:00,5653.397,ok,heartbeat,120.283,0.000,2.314,8.099,9.256,0.250
2026-08-09T14:45:22.224-07:00,5713.730,ok,heartbeat,120.224,0.000,2.314,8.099,9.256,0.250
2026-08-09T14:46:22.556-07:00,5774.062,ok,heartbeat,120.234,0.000,2.314,8.099,9.256,0.250
2026-08-09T14:47:22.889-07:00,5834.395,ok,heartbeat,120.331,0.000,0.000,8.099,9.256,0.125
2026-08-09T14:48:23.221-07:00,5894.727,ok,heartbeat,120.292,0.000,2.314,6.942,8.099,0.285
2026-08-09T14:49:23.554-07:00,5955.060,ok,heartbeat,120.439,0.000,2.314,8.099,9.256,0.250
2026-08-09T14:50:23.904-07:00,6015.410,ok,heartbeat,120.439,0.000,0.000,8.099,9.256,0.125
2026-08-09T14:51:24.234-07:00,6075.740,ok,heartbeat,120.409,0.000,0.000,6.942,8.099,0.143
2026-08-09T14:52:24.567-07:00,6136.073,ok,heartbeat,120.429,0.000,0.000,6.942,8.099,0.143
2026-08-09T14:53:24.901-07:00,6196.407,ok,heartbeat,120.439,0.000,2.314,8.099,9.256,0.250
2026-08-09T14:54:25.233-07:00,6256.739,ok,heartbeat,120.439,0.000,2.314,8.099,9.256,0.250
2026-08-09T14:55:25.584-07:00,6317.090,ok,heartbeat,120.351,0.000,2.314,8.099,9.256,0.250
2026-08-09T14:56:25.917-07:00,6377.423,ok,heartbeat,120.322,0.000,2.314,8.099,9.256,0.250
2026-08-09T14:57:26.248-07:00,6437.754,ok,heartbeat,120.244,0.000,2.314,6.942,8.099,0.285
2026-08-09T14:58:26.582-07:00,6498.088,ok,heartbeat,120.185,0.000,2.314,8.099,8.099,0.143
2026-08-09T14:59:26.916-07:00,6558.422,ok,heartbeat,120.175,0.000,0.000,6.942,8.099,0.143
2026-08-09T15:00:27.266-07:00,6618.772,ok,heartbeat,120.702,0.000,2.314,8.099,9.256,0.250
2026-08-09T15:01:27.582-07:00,6679.088,ok,heartbeat,120.468,0.000,2.314,8.099,9.256,0.250
2026-08-09T15:02:27.915-07:00,6739.421,ok,heartbeat,120.565,0.000,2.314,9.256,10.413,0.222
2026-08-09T15:03:28.247-07:00,6799.753,ok,heartbeat,120.380,0.000,0.000,6.942,8.099,0.143
2026-08-09T15:04:28.581-07:00,6860.087,ok,heartbeat,120.789,0.000,2.314,8.099,9.256,0.250
2026-08-09T15:05:28.914-07:00,6920.420,ok,heartbeat,120.799,0.000,0.000,9.256,9.256,0.000
2026-08-09T15:06:29.245-07:00,6980.751,ok,heartbeat,120.809,0.000,2.314,8.099,9.256,0.250
2026-08-09T15:07:29.577-07:00,7041.083,ok,heartbeat,120.711,0.000,0.000,8.099,9.256,0.125
2026-08-09T15:08:29.909-07:00,7101.415,ok,heartbeat,120.672,0.000,2.314,6.942,9.256,0.250
2026-08-09T15:09:30.241-07:00,7161.747,ok,heartbeat,120.760,0.000,0.000,8.099,9.256,0.125
2026-08-09T15:10:30.573-07:00,7222.079,ok,heartbeat,120.731,0.000,13.884,19.669,24.297,0.571
2026-08-09T15:11:30.912-07:00,7282.418,ok,heartbeat,120.711,0.000,0.000,8.099,9.256,0.125
2026-08-09T15:12:31.243-07:00,7342.749,ok,heartbeat,120.721,0.000,0.000,8.099,9.256,0.125
2026-08-09T15:13:31.583-07:00,7403.089,ok,heartbeat,120.672,0.000,2.314,6.942,8.099,0.285
2026-08-09T15:14:31.918-07:00,7463.424,ok,heartbeat,120.682,0.000,2.314,9.256,10.413,0.222
2026-08-09T15:15:32.258-07:00,7523.764,ok,heartbeat,120.653,0.000,0.000,8.099,9.256,0.125
2026-08-09T15:16:32.591-07:00,7584.097,ok,heartbeat,120.682,0.000,0.000,8.099,9.256,0.125
2026-08-09T15:17:32.925-07:00,7644.431,ok,heartbeat,120.604,0.000,2.314,9.256,10.413,0.222
2026-08-09T15:18:33.257-07:00,7704.763,ok,heartbeat,120.672,0.000,2.314,8.099,9.256,0.250
2026-08-09T15:19:33.590-07:00,7765.096,ok,heartbeat,120.546,0.000,2.314,8.099,9.256,0.250
2026-08-09T15:20:33.923-07:00,7825.429,ok,heartbeat,120.555,0.000,0.000,8.099,9.256,0.125
2026-08-09T15:21:34.256-07:00,7885.762,ok,heartbeat,120.546,0.000,2.314,8.099,9.256,0.250
2026-08-09T15:22:34.590-07:00,7946.096,ok,heartbeat,120.565,0.000,2.314,6.942,8.099,0.285
2026-08-09T15:23:34.924-07:00,8006.430,ok,heartbeat,120.507,0.000,2.314,6.942,8.099,0.285
2026-08-09T15:24:35.258-07:00,8066.764,ok,heartbeat,120.643,0.000,2.314,6.942,9.256,0.250
2026-08-09T15:25:35.590-07:00,8127.096,ok,heartbeat,120.575,0.000,0.000,6.942,8.099,0.143
2026-08-09T15:26:35.923-07:00,8187.429,ok,heartbeat,120.536,0.000,2.314,8.099,9.256,0.250
2026-08-09T15:27:36.272-07:00,8247.778,ok,heartbeat,120.487,0.000,0.000,6.942,8.099,0.143
2026-08-09T15:28:36.606-07:00,8308.112,ok,heartbeat,120.555,0.000,2.314,9.256,10.413,0.333
2026-08-09T15:29:36.940-07:00,8368.446,ok,heartbeat,120.487,0.000,0.000,9.256,10.413,0.110
2026-08-09T15:30:37.272-07:00,8428.778,ok,heartbeat,120.575,0.000,0.000,9.256,9.256,0.000
2026-08-09T15:31:37.605-07:00,8489.111,ok,heartbeat,120.546,0.000,2.314,8.099,9.256,0.250
2026-08-09T15:32:37.938-07:00,8549.444,ok,heartbeat,120.604,0.000,0.000,8.099,9.256,0.125
2026-08-09T15:33:38.270-07:00,8609.776,ok,heartbeat,120.624,0.000,2.314,8.099,9.256,0.250
2026-08-09T15:34:38.603-07:00,8670.109,ok,heartbeat,120.516,0.000,2.314,8.099,9.256,0.375
2026-08-09T15:35:38.935-07:00,8730.441,ok,heartbeat,120.624,0.000,0.000,9.256,10.413,0.110
2026-08-09T15:36:39.267-07:00,8790.773,ok,heartbeat,120.672,0.000,2.314,8.099,9.256,0.250
2026-08-09T15:37:39.600-07:00,8851.106,ok,heartbeat,120.585,0.000,2.314,8.099,9.256,0.250
2026-08-09T15:38:39.932-07:00,8911.438,ok,heartbeat,120.828,0.000,0.000,8.099,9.256,0.125
2026-08-09T15:39:40.266-07:00,8971.772,ok,heartbeat,120.741,0.000,0.000,6.942,8.099,0.143
2026-08-09T15:40:40.581-07:00,9032.087,ok,heartbeat,120.770,0.000,11.570,18.512,23.140,0.550
2026-08-09T15:41:40.896-07:00,9092.402,ok,heartbeat,121.189,0.000,2.314,8.099,9.256,0.250
2026-08-09T15:42:41.228-07:00,9152.734,ok,heartbeat,121.296,0.000,0.000,8.099,9.256,0.125
2026-08-09T15:43:41.561-07:00,9213.067,ok,heartbeat,121.257,0.000,0.000,8.099,9.256,0.125
2026-08-09T15:44:41.894-07:00,9273.400,ok,heartbeat,121.111,0.000,0.000,6.942,8.099,0.143
2026-08-09T15:45:42.247-07:00,9333.753,ok,heartbeat,121.169,0.000,2.314,8.099,9.256,0.250
2026-08-09T15:46:42.580-07:00,9394.086,ok,heartbeat,121.267,0.000,0.000,6.942,8.099,0.143
2026-08-09T15:47:42.913-07:00,9454.419,ok,heartbeat,121.101,0.000,2.314,9.256,10.413,0.333
2026-08-09T15:48:43.249-07:00,9514.755,ok,heartbeat,121.218,0.000,0.000,6.942,8.099,0.143
2026-08-09T15:49:43.584-07:00,9575.090,ok,heartbeat,121.052,0.000,2.314,6.942,8.099,0.285
2026-08-09T15:50:43.917-07:00,9635.423,ok,heartbeat,121.160,0.000,0.000,8.099,9.256,0.125
2026-08-09T15:51:44.251-07:00,9695.757,ok,heartbeat,121.101,0.000,0.000,6.942,8.099,0.143
2026-08-09T15:52:44.583-07:00,9756.089,ok,heartbeat,120.945,0.000,2.314,9.256,10.413,0.222
2026-08-09T15:53:44.915-07:00,9816.421,ok,heartbeat,120.975,0.000,2.314,8.099,9.256,0.375
2026-08-09T15:54:45.265-07:00,9876.771,ok,heartbeat,120.897,0.000,2.314,8.099,9.256,0.250
2026-08-09T15:55:45.598-07:00,9937.104,ok,heartbeat,120.897,0.000,0.000,8.099,9.256,0.125
2026-08-09T15:56:45.930-07:00,9997.436,ok,heartbeat,120.936,0.000,0.000,9.256,10.413,0.110
2026-08-09T15:57:46.262-07:00,10057.768,ok,heartbeat,120.828,0.000,2.314,8.099,9.256,0.375
2026-08-09T15:58:46.595-07:00,10118.101,ok,heartbeat,120.916,0.000,2.314,8.099,9.256,0.250
2026-08-09T15:59:46.928-07:00,10178.434,ok,heartbeat,120.741,0.000,2.314,8.099,9.256,0.250
2026-08-09T16:00:47.263-07:00,10238.769,ok,heartbeat,120.741,0.000,0.000,6.942,8.099,0.143
2026-08-09T16:01:47.579-07:00,10299.085,ok,heartbeat,120.828,0.000,2.314,8.099,9.256,0.250
2026-08-09T16:02:47.913-07:00,10359.419,ok,heartbeat,120.858,0.000,2.314,8.099,9.256,0.250
2026-08-09T16:03:48.247-07:00,10419.753,ok,heartbeat,120.799,0.000,2.314,9.256,10.413,0.222
2026-08-09T16:04:48.581-07:00,10480.087,ok,heartbeat,120.604,0.000,2.314,6.942,8.099,0.285
2026-08-09T16:05:48.914-07:00,10540.420,ok,heartbeat,120.624,0.000,0.000,8.099,9.256,0.125
2026-08-09T16:06:49.247-07:00,10600.753,ok,heartbeat,120.663,0.000,0.000,8.099,9.256,0.125
2026-08-09T16:07:49.580-07:00,10661.086,ok,heartbeat,120.672,0.000,0.000,8.099,9.256,0.125
2026-08-09T16:08:49.915-07:00,10721.421,ok,heartbeat,120.711,0.000,2.314,8.099,9.256,0.250
2026-08-09T16:09:50.249-07:00,10781.755,ok,heartbeat,120.692,0.000,0.000,6.942,8.099,0.143
2026-08-09T16:10:50.583-07:00,10842.089,ok,heartbeat,120.672,0.000,0.000,9.256,9.256,0.000
2026-08-09T16:11:50.934-07:00,10902.440,ok,heartbeat,120.682,0.000,2.314,8.099,9.256,0.250
2026-08-09T16:12:51.269-07:00,10962.775,ok,heartbeat,120.624,0.000,2.314,9.256,10.413,0.333
2026-08-09T16:13:51.603-07:00,11023.109,ok,heartbeat,120.536,0.000,2.314,6.942,8.099,0.285
2026-08-09T16:14:51.937-07:00,11083.443,ok,heartbeat,120.643,0.000,0.000,9.256,10.413,0.110
2026-08-09T16:15:52.271-07:00,11143.777,ok,heartbeat,120.555,0.000,2.314,8.099,9.256,0.250
2026-08-09T16:16:52.601-07:00,11204.107,ok,heartbeat,120.682,0.000,2.314,8.099,9.256,0.250
2026-08-09T16:17:52.938-07:00,11264.444,ok,heartbeat,120.653,0.000,0.000,6.942,8.099,0.143
2026-08-09T16:18:53.272-07:00,11324.778,ok,heartbeat,120.682,0.000,0.000,8.099,9.256,0.125
2026-08-09T16:19:53.607-07:00,11385.113,ok,heartbeat,120.750,0.000,2.314,8.099,9.256,0.250
2026-08-09T16:20:53.940-07:00,11445.446,ok,heartbeat,120.555,0.000,2.314,8.099,9.256,0.250
2026-08-09T16:21:54.274-07:00,11505.780,ok,heartbeat,120.594,0.000,2.314,8.099,9.256,0.250
2026-08-09T16:22:54.608-07:00,11566.114,ok,heartbeat,120.653,0.000,2.314,8.099,9.256,0.250
2026-08-09T16:23:54.944-07:00,11626.450,ok,heartbeat,120.585,0.000,0.000,8.099,9.256,0.125
2026-08-09T16:24:55.280-07:00,11686.786,ok,heartbeat,120.633,0.000,2.314,8.099,9.256,0.250
2026-08-09T16:25:55.629-07:00,11747.135,ok,heartbeat,120.546,0.000,0.000,6.942,8.099,0.143
2026-08-09T16:26:55.962-07:00,11807.468,ok,heartbeat,120.497,0.000,0.000,8.099,9.256,0.125
2026-08-09T16:27:56.296-07:00,11867.802,ok,heartbeat,120.614,0.000,2.314,8.099,9.256,0.250
2026-08-09T16:28:56.630-07:00,11928.136,ok,heartbeat,120.575,0.000,2.314,8.099,9.256,0.250
2026-08-09T16:29:56.964-07:00,11988.470,ok,heartbeat,120.497,0.000,0.000,8.099,8.099,0.000
2026-08-09T16:30:57.296-07:00,12048.802,ok,heartbeat,120.585,0.000,2.314,8.099,9.256,0.250
2026-08-09T16:31:57.632-07:00,12109.138,ok,heartbeat,120.526,0.000,0.000,8.099,9.256,0.125
2026-08-09T16:32:57.981-07:00,12169.487,ok,heartbeat,120.526,0.000,2.314,6.942,8.099,0.285
2026-08-09T16:33:58.313-07:00,12229.819,ok,heartbeat,120.526,0.000,0.000,8.099,9.256,0.125
2026-08-09T16:34:58.646-07:00,12290.152,ok,heartbeat,120.458,0.000,0.000,8.099,8.099,0.285
2026-08-09T16:35:58.978-07:00,12350.484,ok,heartbeat,120.302,0.000,0.000,6.942,8.099,0.143
2026-08-09T16:36:59.310-07:00,12410.816,ok,heartbeat,120.429,0.000,0.000,6.942,8.099,0.143
2026-08-09T16:37:59.641-07:00,12471.147,ok,heartbeat,120.487,0.000,2.314,6.942,8.099,0.285
2026-08-09T16:38:59.976-07:00,12531.482,ok,heartbeat,120.439,0.000,0.000,8.099,9.256,0.125
2026-08-09T16:40:00.308-07:00,12591.814,ok,heartbeat,120.390,0.000,0.000,6.942,8.099,0.143
2026-08-09T16:41:00.638-07:00,12652.144,ok,heartbeat,120.439,0.000,0.000,6.942,8.099,0.143
2026-08-09T16:42:00.970-07:00,12712.476,ok,heartbeat,120.380,0.000,0.000,6.942,9.256,0.250
2026-08-09T16:43:01.302-07:00,12772.808,ok,heartbeat,120.322,0.000,0.000,9.256,9.256,0.250
2026-08-09T16:44:01.640-07:00,12833.146,ok,heartbeat,120.370,0.000,0.000,6.942,8.099,0.143
2026-08-09T16:45:01.973-07:00,12893.479,ok,heartbeat,120.283,0.000,0.000,6.942,8.099,0.143
2026-08-09T16:46:02.307-07:00,12953.813,ok,heartbeat,120.331,0.000,0.000,6.942,8.099,0.143
2026-08-09T16:47:02.644-07:00,13014.150,ok,heartbeat,120.361,0.000,0.000,6.942,8.099,0.143
2026-08-09T16:48:02.978-07:00,13074.484,ok,heartbeat,120.273,0.000,2.314,6.942,9.256,0.000
2026-08-09T16:49:03.330-07:00,13134.836,ok,heartbeat,120.312,0.000,0.000,6.942,8.099,0.143
2026-08-09T16:50:03.666-07:00,13195.172,ok,heartbeat,120.214,0.000,0.000,9.256,9.256,0.000
2026-08-09T16:51:03.981-07:00,13255.487,ok,heartbeat,120.253,0.000,0.000,8.099,9.256,0.125
2026-08-09T16:52:04.320-07:00,13315.826,ok,heartbeat,120.224,0.000,0.000,5.785,6.942,0.166
2026-08-09T16:53:04.651-07:00,13376.157,ok,heartbeat,120.214,0.000,2.314,8.099,9.256,0.250
2026-08-09T16:54:04.985-07:00,13436.491,ok,heartbeat,120.224,0.000,2.314,8.099,9.256,0.250
2026-08-09T16:55:05.318-07:00,13496.824,ok,heartbeat,120.107,0.000,0.000,8.099,9.256,0.125
2026-08-09T16:56:05.652-07:00,13557.158,ok,heartbeat,120.224,0.000,0.000,6.942,8.099,0.143
2026-08-09T16:57:05.985-07:00,13617.491,ok,heartbeat,120.224,0.000,0.000,8.099,8.099,0.000
2026-08-09T16:58:06.319-07:00,13677.825,ok,heartbeat,120.302,0.000,0.000,8.099,9.256,0.125
2026-08-09T16:59:06.654-07:00,13738.160,ok,heartbeat,120.263,0.000,0.000,6.942,8.099,0.143
2026-08-09T17:00:06.988-07:00,13798.494,ok,heartbeat,120.039,0.000,0.000,6.942,8.099,0.143
2026-08-09T17:01:07.304-07:00,13858.810,ok,heartbeat,120.331,0.000,0.000,6.942,8.099,0.143
2026-08-09T17:02:07.637-07:00,13919.143,ok,heartbeat,119.961,0.000,0.000,8.099,8.099,0.000
2026-08-09T17:03:07.972-07:00,13979.478,ok,heartbeat,119.981,0.000,0.000,8.099,9.256,0.125
2026-08-09T17:04:08.323-07:00,14039.829,ok,heartbeat,120.058,0.000,0.000,8.099,9.256,0.125
2026-08-09T17:05:08.656-07:00,14100.162,ok,heartbeat,120.185,0.000,0.000,5.785,6.942,0.166
2026-08-09T17:06:08.989-07:00,14160.495,ok,heartbeat,120.078,0.000,2.314,8.099,8.099,0.143
2026-08-09T17:07:09.323-07:00,14220.829,ok,heartbeat,120.127,0.000,2.314,8.099,9.256,0.250
2026-08-09T17:08:09.655-07:00,14281.161,ok,heartbeat,120.312,0.000,0.000,8.099,9.256,0.125
2026-08-09T17:09:09.988-07:00,14341.494,ok,heartbeat,120.312,0.000,2.314,8.099,9.256,0.250
2026-08-09T17:10:10.320-07:00,14401.826,ok,heartbeat,120.146,0.000,0.000,6.942,6.942,0.000
2026-08-09T17:11:10.670-07:00,14462.176,ok,heartbeat,120.253,0.000,0.000,6.942,8.099,0.143
2026-08-09T17:12:11.003-07:00,14522.509,ok,heartbeat,120.400,0.000,0.000,8.099,9.256,0.125
2026-08-09T17:13:05.303-07:00,14576.809,ok,current_change|heater_on,120.302,0.176,20.826,25.454,33.552,0.620
2026-08-09T17:13:10.333-07:00,14581.839,ok,current_change,120.322,0.290,30.082,37.023,48.593,0.643
2026-08-09T17:13:28.424-07:00,14599.930,ok,current_change,120.292,0.188,20.826,28.925,35.866,0.580
2026-08-09T17:14:28.757-07:00,14660.264,ok,heartbeat,120.263,0.203,20.826,28.925,37.023,0.594
2026-08-09T17:15:29.091-07:00,14720.597,ok,heartbeat,120.244,0.216,20.826,30.082,38.180,0.575
2026-08-09T17:16:29.425-07:00,14780.931,ok,heartbeat,120.263,0.212,20.826,30.082,38.180,0.575
2026-08-09T17:17:23.723-07:00,14835.229,ok,current_change|heater_off,120.283,0.000,0.000,8.099,9.256,0.125
2026-08-09T17:18:24.057-07:00,14895.563,ok,heartbeat,120.127,0.000,2.314,8.099,9.256,0.250
2026-08-09T17:19:24.391-07:00,14955.897,ok,heartbeat,120.078,0.000,0.000,5.785,6.942,0.166
2026-08-09T17:20:24.725-07:00,15016.231,ok,heartbeat,120.078,0.000,0.000,6.942,8.099,0.143
2026-08-09T17:21:25.059-07:00,15076.565,ok,heartbeat,119.903,0.000,2.314,6.942,9.256,0.250
2026-08-09T17:22:25.392-07:00,15136.898,ok,heartbeat,120.214,0.000,2.314,6.942,8.099,0.285
2026-08-09T17:23:25.727-07:00,15197.233,ok,heartbeat,120.049,0.000,2.314,6.942,8.099,0.428
2026-08-09T17:24:26.060-07:00,15257.566,ok,heartbeat,120.166,0.000,2.314,5.785,8.099,0.143
2026-08-09T17:25:26.395-07:00,15317.901,ok,heartbeat,120.156,0.000,0.000,6.942,8.099,0.143
2026-08-09T17:26:26.729-07:00,15378.235,ok,heartbeat,119.942,0.000,2.314,6.942,8.099,0.285
2026-08-09T17:27:27.063-07:00,15438.569,ok,heartbeat,120.097,0.000,2.314,6.942,8.099,0.285
2026-08-09T17:28:27.398-07:00,15498.904,ok,heartbeat,120.156,0.000,2.314,8.099,9.256,0.250
2026-08-09T17:29:27.731-07:00,15559.237,ok,heartbeat,120.039,0.000,0.000,9.256,9.256,0.000
2026-08-09T17:30:28.064-07:00,15619.570,ok,heartbeat,120.049,0.000,0.000,8.099,9.256,0.125
2026-08-09T17:31:28.397-07:00,15679.903,ok,heartbeat,120.058,0.000,2.314,6.942,8.099,0.285
2026-08-09T17:32:28.729-07:00,15740.235,ok,heartbeat,120.107,0.000,2.314,6.942,9.256,0.250
2026-08-09T17:33:29.064-07:00,15800.570,ok,heartbeat,120.166,0.000,2.314,6.942,8.099,0.285
2026-08-09T17:34:29.397-07:00,15860.903,ok,heartbeat,120.195,0.000,0.000,8.099,9.256,0.125
2026-08-09T17:35:29.731-07:00,15921.237,ok,heartbeat,120.068,0.000,2.314,8.099,9.256,0.250
2026-08-09T17:36:30.063-07:00,15981.569,ok,heartbeat,120.117,0.000,0.000,6.942,8.099,0.143
2026-08-09T17:37:30.396-07:00,16041.902,ok,heartbeat,120.049,0.000,0.000,6.942,8.099,0.143
2026-08-09T17:38:30.730-07:00,16102.236,ok,heartbeat,120.000,0.000,0.000,8.099,9.256,0.125
2026-08-09T17:39:31.064-07:00,16162.570,ok,heartbeat,120.000,0.000,2.314,8.099,9.256,0.250
2026-08-09T17:40:05.263-07:00,16196.769,ok,current_change|heater_on,119.854,0.203,23.140,27.768,37.023,0.625
2026-08-09T17:40:10.293-07:00,16201.799,ok,current_change,119.864,0.310,32.396,38.180,50.907,0.658
2026-08-09T17:40:42.481-07:00,16233.987,ok,current_change,120.000,0.205,23.140,27.768,37.023,0.625
2026-08-09T17:41:42.814-07:00,16294.320,ok,heartbeat,120.010,0.196,20.826,28.925,35.866,0.580
2026-08-09T17:42:43.148-07:00,16354.654,ok,heartbeat,120.039,0.197,20.826,28.925,35.866,0.580
2026-08-09T17:43:32.417-07:00,16403.923,ok,current_change,120.029,0.303,30.082,38.180,49.750,0.627
2026-08-09T17:43:47.505-07:00,16419.011,ok,current_change,120.010,0.197,20.826,27.768,35.866,0.612
2026-08-09T17:44:23.698-07:00,16455.204,ok,current_change|heater_off,120.039,0.000,2.314,8.099,9.256,0.250
2026-08-09T17:45:24.048-07:00,16515.554,ok,heartbeat,119.903,0.000,2.314,9.256,8.099,0.143
2026-08-09T17:46:24.379-07:00,16575.885,ok,heartbeat,120.078,0.000,0.000,8.099,9.256,0.125
2026-08-09T17:47:24.711-07:00,16636.217,ok,heartbeat,119.971,0.000,0.000,6.942,8.099,0.143
2026-08-09T17:48:25.044-07:00,16696.550,ok,heartbeat,119.912,0.000,2.314,6.942,8.099,0.285
2026-08-09T17:49:25.376-07:00,16756.882,ok,heartbeat,120.097,0.000,0.000,6.942,8.099,0.143
2026-08-09T17:50:25.725-07:00,16817.231,ok,heartbeat,120.136,0.000,0.000,6.942,8.099,0.143
2026-08-09T17:50:48.859-07:00,16840.366,ok,current_change|heater_on,120.117,0.181,20.826,24.297,33.552,0.654
2026-08-09T17:50:51.878-07:00,16843.384,ok,current_change,120.068,0.299,32.396,35.866,49.750,0.674
2026-08-09T17:51:27.064-07:00,16878.570,ok,current_change|power_change,119.825,1.975,263.792,70.576,274.205,0.966
2026-08-09T17:51:28.071-07:00,16879.577,ok,current_change,119.834,2.116,282.304,76.361,292.717,0.964
2026-08-09T17:51:29.078-07:00,16880.584,ok,current_change,119.854,2.319,307.757,79.832,319.327,0.967
2026-08-09T17:51:30.084-07:00,16881.590,ok,current_change,119.815,2.449,328.583,72.890,336.682,0.976
2026-08-09T17:51:32.096-07:00,16883.602,ok,current_change,119.815,2.567,342.467,84.460,352.880,0.970
2026-08-09T17:51:39.139-07:00,16890.645,ok,current_change,119.951,2.678,358.665,80.989,367.921,0.975
2026-08-09T17:51:45.175-07:00,16896.681,ok,current_change,119.864,2.803,374.862,77.518,382.961,0.976
2026-08-09T17:51:52.216-07:00,16903.722,ok,current_change,119.903,2.915,386.432,99.501,400.316,0.968
2026-08-09T17:52:52.548-07:00,16964.054,ok,heartbeat,119.834,2.971,395.688,91.402,407.258,0.974
2026-08-09T17:52:57.578-07:00,16969.084,ok,current_change,119.795,3.109,411.886,102.971,425.770,0.970
2026-08-09T17:53:57.912-07:00,17029.418,ok,heartbeat,119.844,3.143,418.828,93.716,430.398,0.976
2026-08-09T17:54:27.065-07:00,17058.571,ok,current_change,119.688,3.257,432.712,100.657,445.438,0.974
2026-08-09T17:55:26.393-07:00,17117.899,ok,current_change,119.912,3.366,446.595,106.442,460.479,0.972
2026-08-09T17:55:28.405-07:00,17119.911,ok,current_change,119.961,3.259,435.026,94.873,446.595,0.977
2026-08-09T17:56:23.711-07:00,17175.217,ok,current_change,119.678,3.366,446.595,101.814,459.322,0.975
2026-08-09T17:57:24.044-07:00,17235.550,ok,heartbeat,119.698,3.406,453.537,102.971,465.107,0.975
2026-08-09T17:57:41.145-07:00,17252.651,ok,current_change,119.727,3.301,439.653,96.030,451.223,0.977
2026-08-09T17:58:04.280-07:00,17275.786,ok,current_change,119.727,3.411,453.537,97.187,461.636,0.979
2026-08-09T17:59:04.614-07:00,17336.120,ok,heartbeat,119.795,3.404,451.223,97.187,462.793,0.977
2026-08-09T18:00:04.947-07:00,17396.453,ok,heartbeat,119.786,3.444,458.165,102.971,469.735,0.975
2026-08-09T18:01:05.280-07:00,17456.786,ok,heartbeat,119.698,3.382,451.223,97.187,461.636,0.977
2026-08-09T18:02:05.632-07:00,17517.138,ok,heartbeat,119.620,3.417,455.851,97.187,466.264,0.978
2026-08-09T18:03:05.963-07:00,17577.469,ok,heartbeat,119.649,3.437,458.165,97.187,468.578,0.978
2026-08-09T18:04:06.296-07:00,17637.802,ok,heartbeat,119.639,3.442,458.165,102.971,469.735,0.975
2026-08-09T18:05:06.629-07:00,17698.135,ok,heartbeat,119.659,3.480,460.479,108.756,474.363,0.973
2026-08-09T18:06:06.962-07:00,17758.468,ok,heartbeat,119.620,3.484,462.793,104.128,474.363,0.976
2026-08-09T18:07:07.294-07:00,17818.800,ok,heartbeat,119.698,3.467,462.793,98.344,473.206,0.978
2026-08-09T18:08:07.627-07:00,17879.133,ok,heartbeat,119.737,3.520,467.421,104.128,483.619,0.974
2026-08-09T18:09:07.960-07:00,17939.466,ok,heartbeat,119.698,3.520,467.421,104.128,480.148,0.976
2026-08-09T18:10:08.294-07:00,17999.800,ok,heartbeat,119.727,3.542,472.049,99.501,482.462,0.978
2026-08-09T18:11:08.628-07:00,18060.134,ok,heartbeat,119.834,3.594,476.677,115.698,490.561,0.972
2026-08-09T18:12:08.963-07:00,18120.469,ok,heartbeat,119.708,3.585,476.677,105.285,488.247,0.976
2026-08-09T18:13:09.298-07:00,18180.804,ok,heartbeat,119.873,3.607,481.305,100.657,491.718,0.979
2026-08-09T18:14:09.632-07:00,18241.138,ok,heartbeat,119.737,3.609,481.305,100.657,491.718,0.979
2026-08-09T18:15:09.963-07:00,18301.469,ok,heartbeat,119.854,3.643,485.933,106.442,497.503,0.977
2026-08-09T18:16:10.297-07:00,18361.803,ok,heartbeat,119.795,3.679,488.247,112.227,502.131,0.975
2026-08-09T18:17:10.648-07:00,18422.155,ok,heartbeat,119.727,3.672,488.247,106.442,500.974,0.977
2026-08-09T18:18:10.983-07:00,18482.489,ok,heartbeat,119.942,3.697,492.875,106.442,503.287,0.977
2026-08-09T18:19:11.317-07:00,18542.823,ok,heartbeat,119.922,3.734,495.189,118.012,509.072,0.973
2026-08-09T18:20:11.652-07:00,18603.158,ok,heartbeat,119.825,3.745,499.817,101.814,506.758,0.979
2026-08-09T18:21:11.986-07:00,18663.492,ok,heartbeat,119.854,3.750,497.503,112.227,511.386,0.975
2026-08-09T18:22:12.320-07:00,18723.826,ok,heartbeat,119.873,3.783,502.131,113.384,513.700,0.973
2026-08-09T18:23:12.655-07:00,18784.161,ok,heartbeat,119.971,3.772,499.817,107.599,511.386,0.977
2026-08-09T18:24:12.989-07:00,18844.495,ok,heartbeat,119.854,3.784,504.444,107.599,516.014,0.978
2026-08-09T18:25:13.324-07:00,18904.830,ok,heartbeat,119.990,3.815,509.072,102.971,518.328,0.978
2026-08-09T18:26:13.658-07:00,18965.164,ok,heartbeat,119.903,3.813,509.072,102.971,519.485,0.979
2026-08-09T18:27:13.993-07:00,19025.499,ok,heartbeat,119.990,3.810,509.072,114.541,521.799,0.976
2026-08-09T18:28:14.344-07:00,19085.850,ok,heartbeat,120.049,3.828,509.072,114.541,522.956,0.976
2026-08-09T18:29:14.675-07:00,19146.185,ok,heartbeat,119.825,3.861,513.700,114.541,526.427,0.976
2026-08-09T18:30:15.010-07:00,19206.519,ok,heartbeat,119.981,3.880,518.328,104.128,528.741,0.979
2026-08-09T18:31:15.343-07:00,19266.853,ok,heartbeat,119.971,3.890,518.328,114.541,531.055,0.976
2026-08-09T18:32:15.675-07:00,19327.184,ok,heartbeat,119.932,3.920,522.956,109.913,534.526,0.978
2026-08-09T18:33:16.008-07:00,19387.517,ok,heartbeat,119.844,3.917,520.642,109.913,533.369,0.978
2026-08-09T18:34:16.341-07:00,19447.850,ok,heartbeat,119.844,3.928,522.956,109.913,534.526,0.978
2026-08-09T18:35:16.682-07:00,19508.188,ok,heartbeat,120.010,3.958,527.584,115.698,540.311,0.976
2026-08-09T18:36:17.023-07:00,19568.532,ok,heartbeat,119.981,3.962,527.584,115.698,540.311,0.976
2026-08-09T18:37:17.357-07:00,19628.866,ok,heartbeat,119.795,3.960,525.270,115.698,539.154,0.976
2026-08-09T18:38:17.687-07:00,19689.197,ok,heartbeat,119.971,4.009,532.212,121.483,546.096,0.974
2026-08-09T18:39:18.021-07:00,19749.530,ok,heartbeat,119.922,3.980,529.898,115.698,542.625,0.976
2026-08-09T18:40:18.354-07:00,19809.863,ok,heartbeat,119.942,4.007,532.212,121.483,546.096,0.974
2026-08-09T18:41:18.683-07:00,19870.193,ok,heartbeat,119.834,3.993,532.212,111.070,543.782,0.979
2026-08-09T18:42:19.018-07:00,19930.527,ok,heartbeat,120.019,4.013,534.526,116.855,547.253,0.977
2026-08-09T18:43:19.351-07:00,19990.860,ok,heartbeat,120.010,4.016,534.526,111.070,547.253,0.979
2026-08-09T18:44:19.684-07:00,20051.190,ok,heartbeat,119.971,4.040,539.154,112.227,550.724,0.979
2026-08-09T18:45:20.017-07:00,20111.523,ok,heartbeat,119.951,4.078,541.468,118.012,555.352,0.977
2026-08-09T18:46:20.349-07:00,20171.855,ok,heartbeat,119.717,4.091,541.468,122.640,556.509,0.975
2026-08-09T18:47:20.700-07:00,20232.206,ok,heartbeat,120.049,4.116,546.096,123.797,561.137,0.975
2026-08-09T18:48:21.034-07:00,20292.540,ok,heartbeat,120.000,4.107,548.410,112.227,559.980,0.979
2026-08-09T18:49:21.367-07:00,20352.873,ok,heartbeat,120.039,4.141,548.410,128.425,563.451,0.973
2026-08-09T18:50:21.701-07:00,20413.207,ok,heartbeat,120.146,4.130,550.724,118.012,563.451,0.977
2026-08-09T18:51:22.035-07:00,20473.541,ok,heartbeat,120.000,4.130,550.724,113.384,562.294,0.979
2026-08-09T18:52:22.369-07:00,20533.875,ok,heartbeat,120.088,4.176,553.038,129.582,569.235,0.973
2026-08-09T18:53:22.703-07:00,20594.209,ok,heartbeat,119.903,4.161,553.038,123.797,568.079,0.975
2026-08-09T18:54:23.037-07:00,20654.543,ok,heartbeat,119.971,4.179,557.666,113.384,569.235,0.979
2026-08-09T18:55:23.371-07:00,20714.877,ok,heartbeat,120.127,4.207,557.666,129.582,572.706,0.976
2026-08-09T18:56:23.706-07:00,20775.212,ok,heartbeat,120.097,4.185,557.666,113.384,573.863,0.979
2026-08-09T18:57:24.040-07:00,20835.546,ok,heartbeat,120.370,4.198,559.980,124.954,573.863,0.976
2026-08-09T18:58:24.375-07:00,20895.881,ok,heartbeat,120.283,4.219,562.294,120.326,576.177,0.978
2026-08-09T18:59:24.709-07:00,20956.215,ok,heartbeat,120.214,4.225,562.294,120.326,579.648,0.976
2026-08-09T19:00:25.043-07:00,21016.549,ok,heartbeat,120.117,4.257,564.608,130.739,580.805,0.974
2026-08-09T19:01:25.360-07:00,21076.867,ok,heartbeat,120.205,4.259,566.922,120.326,580.805,0.978
2026-08-09T19:02:25.709-07:00,21137.215,ok,heartbeat,120.273,4.252,566.922,120.326,580.805,0.978
2026-08-09T19:03:26.041-07:00,21197.547,ok,heartbeat,120.224,4.281,571.549,120.326,584.276,0.978
2026-08-09T19:04:26.374-07:00,21257.880,ok,heartbeat,120.107,4.288,571.549,120.326,584.276,0.978
2026-08-09T19:05:26.707-07:00,21318.213,ok,heartbeat,120.234,4.315,573.863,131.896,588.904,0.974
2026-08-09T19:06:27.041-07:00,21378.547,ok,heartbeat,120.166,4.323,576.177,121.483,588.904,0.978
2026-08-09T19:07:27.374-07:00,21438.880,ok,heartbeat,120.205,4.351,578.491,131.896,593.532,0.975
2026-08-09T19:08:27.707-07:00,21499.213,ok,heartbeat,119.971,4.339,576.177,127.268,591.218,0.976
2026-08-09T19:09:28.041-07:00,21559.547,ok,heartbeat,119.942,4.355,578.491,121.483,592.375,0.979
