event_id,timestamp_pacific,draw_elapsed_seconds,status,stop_reason,valve_state,target_volume_gal,accumulated_volume_gal,flow_gpm,hot_temp_c,hot_temp_f,cold_temp_c,cold_temp_f,ambient_temp_c,ambient_temp_f,hot_raw_counts,cold_raw_counts,flow_raw_counts,ambient_raw_counts,cold_source_station,cold_source_timestamp_pacific
water_draw_3,2026-08-13T20:54:39.951-07:00,1.178,drawing,,open,9.0,0.004427,0.225521,26.46,79.62,30.94,87.69,24.40,75.92,1214,1257,485,244,WH-station1,2026-08-13T20:54:39.948-07:00
water_draw_3,2026-08-13T20:54:40.454-07:00,2.180,drawing,,open,9.0,0.063794,3.553438,26.25,79.25,31.04,87.88,24.40,75.92,1212,1258,1137,244,WH-station1,2026-08-13T20:54:40.450-07:00
water_draw_3,2026-08-13T20:54:40.956-07:00,2.682,drawing,,open,9.0,0.094211,3.635104,26.04,78.87,31.25,88.25,24.40,75.92,1210,1260,1153,244,WH-station1,2026-08-13T20:54:40.952-07:00
water_draw_3,2026-08-13T20:54:41.458-07:00,3.184,drawing,,open,9.0,0.124456,3.614688,26.46,79.62,30.73,87.31,24.30,75.74,1214,1255,1149,243,WH-station1,2026-08-13T20:54:41.454-07:00
water_draw_3,2026-08-13T20:54:41.960-07:00,3.686,drawing,,open,9.0,0.154144,3.548333,26.67,80.00,30.62,87.12,24.40,75.92,1216,1254,1136,244,WH-station1,2026-08-13T20:54:41.956-07:00
water_draw_3,2026-08-13T20:54:42.462-07:00,4.188,drawing,,open,9.0,0.183061,3.456458,26.87,80.37,31.15,88.06,24.40,75.92,1218,1259,1118,244,WH-station1,2026-08-13T20:54:42.458-07:00
water_draw_3,2026-08-13T20:54:42.964-07:00,4.690,drawing,,open,9.0,0.211553,3.405417,27.40,81.31,30.83,87.50,24.40,75.92,1223,1256,1108,244,WH-station1,2026-08-13T20:54:42.960-07:00
water_draw_3,2026-08-13T20:54:43.468-07:00,5.192,drawing,,open,9.0,0.239662,3.359479,27.81,82.06,31.04,87.88,24.30,75.74,1227,1258,1099,243,WH-station1,2026-08-13T20:54:43.463-07:00
water_draw_3,2026-08-13T20:54:43.974-07:00,5.697,drawing,,open,9.0,0.268028,3.369687,28.23,82.81,31.15,88.06,24.40,75.92,1231,1259,1101,244,WH-station1,2026-08-13T20:54:43.968-07:00
water_draw_3,2026-08-13T20:54:44.479-07:00,6.202,drawing,,open,9.0,0.296656,3.400313,28.65,83.56,31.35,88.44,24.30,75.74,1235,1261,1107,243,WH-station1,2026-08-13T20:54:44.473-07:00
water_draw_3,2026-08-13T20:54:44.983-07:00,6.708,drawing,,open,9.0,0.324901,3.354375,29.17,84.50,31.15,88.06,24.40,75.92,1240,1259,1098,244,WH-station1,2026-08-13T20:54:44.978-07:00
water_draw_3,2026-08-13T20:54:45.488-07:00,7.212,drawing,,open,9.0,0.352814,3.318646,29.79,85.62,31.15,88.06,24.30,75.74,1246,1259,1091,243,WH-station1,2026-08-13T20:54:45.483-07:00
water_draw_3,2026-08-13T20:54:45.993-07:00,7.717,drawing,,open,9.0,0.380518,3.293125,30.10,86.19,30.94,87.69,24.20,75.56,1249,1257,1086,242,WH-station1,2026-08-13T20:54:45.988-07:00
water_draw_3,2026-08-13T20:54:46.498-07:00,8.222,drawing,,open,9.0,0.408222,3.293125,30.94,87.69,31.56,88.81,24.30,75.74,1257,1263,1086,243,WH-station1,2026-08-13T20:54:46.492-07:00
water_draw_3,2026-08-13T20:54:47.003-07:00,8.727,drawing,,open,9.0,0.435810,3.277813,31.15,88.06,30.94,87.69,24.30,75.74,1259,1257,1083,243,WH-station1,2026-08-13T20:54:46.997-07:00
water_draw_3,2026-08-13T20:54:47.507-07:00,9.232,drawing,,open,9.0,0.463254,3.262500,31.56,88.81,31.04,87.88,24.30,75.74,1263,1258,1080,243,WH-station1,2026-08-13T20:54:47.502-07:00
water_draw_3,2026-08-13T20:54:48.012-07:00,9.736,drawing,,open,9.0,0.490657,3.257396,31.98,89.56,31.56,88.81,24.40,75.92,1267,1263,1079,244,WH-station1,2026-08-13T20:54:48.007-07:00
water_draw_3,2026-08-13T20:54:48.517-07:00,10.241,drawing,,open,9.0,0.518016,3.252292,32.40,90.31,31.15,88.06,24.30,75.74,1271,1259,1078,243,WH-station1,2026-08-13T20:54:48.512-07:00
water_draw_3,2026-08-13T20:54:49.022-07:00,10.746,drawing,,open,9.0,0.545190,3.226771,32.71,90.88,31.35,88.44,24.30,75.74,1274,1261,1073,243,WH-station1,2026-08-13T20:54:49.016-07:00
water_draw_3,2026-08-13T20:54:49.527-07:00,11.251,drawing,,open,9.0,0.572164,3.206354,33.12,91.62,31.56,88.81,24.40,75.92,1278,1263,1069,244,WH-station1,2026-08-13T20:54:49.521-07:00
water_draw_3,2026-08-13T20:54:50.032-07:00,11.756,drawing,,open,9.0,0.599307,3.226771,33.44,92.19,31.77,89.19,24.30,75.74,1281,1265,1073,243,WH-station1,2026-08-13T20:54:50.026-07:00
water_draw_3,2026-08-13T20:54:50.536-07:00,12.261,drawing,,open,9.0,0.626711,3.257396,33.54,92.38,31.46,88.63,24.40,75.92,1282,1262,1079,244,WH-station1,2026-08-13T20:54:50.531-07:00
water_draw_3,2026-08-13T20:54:51.041-07:00,12.765,drawing,,open,9.0,0.653859,3.226771,34.06,93.31,31.56,88.81,24.30,75.74,1287,1263,1073,243,WH-station1,2026-08-13T20:54:51.035-07:00
water_draw_3,2026-08-13T20:54:51.546-07:00,13.270,drawing,,open,9.0,0.680918,3.216562,34.48,94.06,31.67,89.00,24.30,75.74,1291,1264,1071,243,WH-station1,2026-08-13T20:54:51.540-07:00
water_draw_3,2026-08-13T20:54:52.051-07:00,13.775,drawing,,open,9.0,0.707847,3.201250,35.00,95.00,31.98,89.56,24.40,75.92,1296,1267,1068,244,WH-station1,2026-08-13T20:54:52.045-07:00
water_draw_3,2026-08-13T20:54:52.556-07:00,14.280,drawing,,open,9.0,0.734967,3.221667,35.00,95.00,31.77,89.19,24.30,75.74,1296,1265,1072,243,WH-station1,2026-08-13T20:54:52.550-07:00
water_draw_3,2026-08-13T20:54:53.060-07:00,14.785,drawing,,open,9.0,0.762023,3.216562,35.31,95.56,31.67,89.00,24.30,75.74,1299,1264,1071,243,WH-station1,2026-08-13T20:54:53.055-07:00
water_draw_3,2026-08-13T20:54:53.565-07:00,15.289,drawing,,open,9.0,0.788998,3.206354,35.73,96.31,31.98,89.56,24.30,75.74,1303,1267,1069,243,WH-station1,2026-08-13T20:54:53.560-07:00
water_draw_3,2026-08-13T20:54:54.070-07:00,15.794,drawing,,open,9.0,0.816104,3.221667,35.83,96.50,32.08,89.75,24.40,75.92,1304,1268,1072,244,WH-station1,2026-08-13T20:54:54.064-07:00
water_draw_3,2026-08-13T20:54:54.575-07:00,16.299,drawing,,open,9.0,0.843080,3.206354,36.15,97.06,31.98,89.56,24.50,76.10,1307,1267,1069,245,WH-station1,2026-08-13T20:54:54.569-07:00
water_draw_3,2026-08-13T20:54:55.079-07:00,16.804,drawing,,open,9.0,0.870052,3.206354,36.25,97.25,32.08,89.75,24.40,75.92,1308,1268,1069,244,WH-station1,2026-08-13T20:54:55.074-07:00
water_draw_3,2026-08-13T20:54:55.584-07:00,17.308,drawing,,open,9.0,0.896892,3.191042,36.56,97.81,31.98,89.56,24.40,75.92,1311,1267,1066,244,WH-station1,2026-08-13T20:54:55.579-07:00
water_draw_3,2026-08-13T20:54:56.089-07:00,17.813,drawing,,open,9.0,0.923649,3.180833,36.87,98.37,31.98,89.56,24.40,75.92,1314,1267,1064,244,WH-station1,2026-08-13T20:54:56.084-07:00
water_draw_3,2026-08-13T20:54:56.594-07:00,18.318,drawing,,open,9.0,0.950413,3.180833,36.98,98.56,31.88,89.38,24.30,75.74,1315,1266,1064,243,WH-station1,2026-08-13T20:54:56.588-07:00
water_draw_3,2026-08-13T20:54:57.174-07:00,18.823,drawing,,open,9.0,0.977257,3.191042,37.29,99.13,32.08,89.75,24.30,75.74,1318,1268,1066,243,WH-station1,2026-08-13T20:54:57.093-07:00
water_draw_3,2026-08-13T20:54:57.678-07:00,19.403,drawing,,open,9.0,1.007903,3.170625,37.60,99.69,32.29,90.12,24.30,75.74,1321,1270,1062,243,WH-station1,2026-08-13T20:54:57.598-07:00
water_draw_3,2026-08-13T20:54:58.183-07:00,19.907,drawing,,open,9.0,1.034789,3.196146,37.81,100.06,32.08,89.75,24.30,75.74,1323,1268,1067,243,WH-station1,2026-08-13T20:54:58.103-07:00
water_draw_3,2026-08-13T20:54:58.709-07:00,20.412,drawing,,open,9.0,1.061543,3.180833,38.23,100.81,32.19,89.94,24.30,75.74,1327,1269,1064,243,WH-station1,2026-08-13T20:54:58.607-07:00
water_draw_3,2026-08-13T20:54:59.214-07:00,20.938,drawing,,open,9.0,1.089487,3.185938,37.92,100.25,32.08,89.75,24.40,75.92,1324,1268,1065,244,WH-station1,2026-08-13T20:54:59.112-07:00
water_draw_3,2026-08-13T20:54:59.733-07:00,21.443,drawing,,open,9.0,1.116289,3.185938,38.44,101.19,31.98,89.56,24.40,75.92,1329,1267,1065,244,WH-station1,2026-08-13T20:54:59.617-07:00
water_draw_3,2026-08-13T20:55:00.248-07:00,21.962,drawing,,open,9.0,1.143857,3.185938,38.54,101.38,32.19,89.94,24.40,75.92,1330,1269,1065,244,WH-station1,2026-08-13T20:55:00.122-07:00
water_draw_3,2026-08-13T20:55:00.752-07:00,22.477,drawing,,open,9.0,1.171347,3.206354,38.75,101.75,32.19,89.94,24.30,75.74,1332,1269,1069,243,WH-station1,2026-08-13T20:55:00.626-07:00
water_draw_3,2026-08-13T20:55:01.255-07:00,22.981,drawing,,open,9.0,1.198186,3.191042,38.85,101.94,31.98,89.56,24.40,75.92,1333,1267,1066,244,WH-station1,2026-08-13T20:55:01.131-07:00
water_draw_3,2026-08-13T20:55:01.757-07:00,23.483,drawing,,open,9.0,1.225101,3.216562,39.06,102.31,31.88,89.38,24.50,76.10,1335,1266,1071,245,WH-station1,2026-08-13T20:55:01.636-07:00
water_draw_3,2026-08-13T20:55:02.259-07:00,23.985,drawing,,open,9.0,1.252058,3.221667,39.27,102.69,32.50,90.50,24.40,75.92,1337,1272,1072,244,WH-station1,2026-08-13T20:55:02.141-07:00
water_draw_3,2026-08-13T20:55:02.761-07:00,24.487,drawing,,open,9.0,1.278752,3.191042,39.48,103.06,32.29,90.12,24.40,75.92,1339,1270,1066,244,WH-station1,2026-08-13T20:55:02.645-07:00
water_draw_3,2026-08-13T20:55:03.263-07:00,24.989,drawing,,open,9.0,1.305621,3.211458,39.48,103.06,32.29,90.12,24.40,75.92,1339,1270,1070,244,WH-station1,2026-08-13T20:55:03.150-07:00
water_draw_3,2026-08-13T20:55:03.765-07:00,25.491,drawing,,open,9.0,1.332530,3.216562,39.58,103.25,31.88,89.38,24.50,76.10,1340,1266,1071,245,WH-station1,2026-08-13T20:55:03.655-07:00
water_draw_3,2026-08-13T20:55:04.267-07:00,25.993,drawing,,open,9.0,1.359313,3.201250,39.79,103.62,32.29,90.12,24.40,75.92,1342,1270,1068,244,WH-station1,2026-08-13T20:55:04.159-07:00
water_draw_3,2026-08-13T20:55:04.769-07:00,26.495,drawing,,open,9.0,1.386182,3.211458,40.00,104.00,32.40,90.31,24.40,75.92,1344,1271,1070,244,WH-station1,2026-08-13T20:55:04.664-07:00
water_draw_3,2026-08-13T20:55:05.271-07:00,26.997,drawing,,open,9.0,1.413178,3.226771,40.00,104.00,32.50,90.50,24.30,75.74,1344,1272,1073,243,WH-station1,2026-08-13T20:55:05.169-07:00
water_draw_3,2026-08-13T20:55:05.773-07:00,27.499,drawing,,open,9.0,1.440047,3.211458,40.21,104.38,32.71,90.88,24.40,75.92,1346,1274,1070,244,WH-station1,2026-08-13T20:55:05.674-07:00
water_draw_3,2026-08-13T20:55:06.277-07:00,28.001,drawing,,open,9.0,1.467174,3.242083,40.31,104.56,32.29,90.12,24.30,75.74,1347,1270,1076,243,WH-station1,2026-08-13T20:55:06.183-07:00
water_draw_3,2026-08-13T20:55:06.782-07:00,28.506,drawing,,open,9.0,1.494233,3.216562,40.52,104.94,32.50,90.50,24.50,76.10,1349,1272,1071,245,WH-station1,2026-08-13T20:55:06.688-07:00
water_draw_3,2026-08-13T20:55:07.286-07:00,29.011,drawing,,open,9.0,1.521420,3.231875,40.63,105.13,32.71,90.88,24.30,75.74,1350,1274,1074,243,WH-station1,2026-08-13T20:55:07.192-07:00
water_draw_3,2026-08-13T20:55:07.791-07:00,29.515,drawing,,open,9.0,1.548476,3.216562,40.94,105.69,33.02,91.44,24.40,75.92,1353,1277,1071,244,WH-station1,2026-08-13T20:55:07.697-07:00
water_draw_3,2026-08-13T20:55:08.296-07:00,30.020,drawing,,open,9.0,1.575705,3.236979,40.83,105.50,32.81,91.06,24.40,75.92,1352,1275,1075,244,WH-station1,2026-08-13T20:55:08.202-07:00
water_draw_3,2026-08-13T20:55:08.801-07:00,30.525,drawing,,open,9.0,1.602844,3.226771,41.15,106.06,33.12,91.62,24.40,75.92,1355,1278,1073,244,WH-station1,2026-08-13T20:55:08.707-07:00
water_draw_3,2026-08-13T20:55:09.305-07:00,31.029,drawing,,open,9.0,1.630120,3.242083,40.94,105.69,33.02,91.44,24.40,75.92,1353,1277,1076,244,WH-station1,2026-08-13T20:55:09.211-07:00
water_draw_3,2026-08-13T20:55:09.810-07:00,31.534,drawing,,open,9.0,1.657262,3.226771,41.04,105.88,33.54,92.38,24.30,75.74,1354,1282,1073,243,WH-station1,2026-08-13T20:55:09.716-07:00
water_draw_3,2026-08-13T20:55:10.315-07:00,32.039,drawing,,open,9.0,1.684361,3.221667,41.15,106.06,33.02,91.44,24.40,75.92,1355,1277,1072,244,WH-station1,2026-08-13T20:55:10.221-07:00
water_draw_3,2026-08-13T20:55:10.819-07:00,32.543,drawing,,open,9.0,1.711457,3.221667,41.35,106.44,32.92,91.25,24.40,75.92,1357,1276,1072,244,WH-station1,2026-08-13T20:55:10.725-07:00
water_draw_3,2026-08-13T20:55:11.324-07:00,33.048,drawing,,open,9.0,1.738514,3.216562,41.35,106.44,33.54,92.38,24.30,75.74,1357,1282,1071,243,WH-station1,2026-08-13T20:55:11.230-07:00
water_draw_3,2026-08-13T20:55:11.829-07:00,33.553,drawing,,open,9.0,1.765616,3.221667,41.56,106.81,33.33,92.00,24.30,75.74,1359,1280,1072,243,WH-station1,2026-08-13T20:55:11.736-07:00
water_draw_3,2026-08-13T20:55:12.334-07:00,34.058,drawing,,open,9.0,1.792848,3.236979,41.67,107.00,33.65,92.56,24.50,76.10,1360,1283,1075,245,WH-station1,2026-08-13T20:55:12.241-07:00
water_draw_3,2026-08-13T20:55:12.838-07:00,34.563,drawing,,open,9.0,1.819995,3.226771,41.67,107.00,33.65,92.56,24.40,75.92,1360,1283,1073,244,WH-station1,2026-08-13T20:55:12.746-07:00
water_draw_3,2026-08-13T20:55:13.343-07:00,35.067,drawing,,open,9.0,1.847051,3.216562,41.77,107.19,33.85,92.94,24.40,75.92,1361,1285,1071,244,WH-station1,2026-08-13T20:55:13.251-07:00
water_draw_3,2026-08-13T20:55:13.848-07:00,35.572,drawing,,open,9.0,1.874237,3.231875,41.88,107.38,33.54,92.38,24.40,75.92,1362,1282,1074,244,WH-station1,2026-08-13T20:55:13.756-07:00
water_draw_3,2026-08-13T20:55:14.352-07:00,36.077,drawing,,open,9.0,1.901514,3.242083,41.88,107.38,33.85,92.94,24.40,75.92,1362,1285,1076,244,WH-station1,2026-08-13T20:55:14.261-07:00
water_draw_3,2026-08-13T20:55:14.857-07:00,36.581,drawing,,open,9.0,1.928655,3.226771,42.19,107.94,34.27,93.69,24.30,75.74,1365,1289,1073,243,WH-station1,2026-08-13T20:55:14.766-07:00
water_draw_3,2026-08-13T20:55:15.362-07:00,37.086,drawing,,open,9.0,1.955887,3.236979,42.08,107.75,33.85,92.94,24.30,75.74,1364,1285,1075,243,WH-station1,2026-08-13T20:55:15.271-07:00
water_draw_3,2026-08-13T20:55:15.867-07:00,37.591,drawing,,open,9.0,1.982940,3.216562,42.19,107.94,34.17,93.50,24.30,75.74,1365,1288,1071,243,WH-station1,2026-08-13T20:55:15.777-07:00
water_draw_3,2026-08-13T20:55:16.371-07:00,38.095,drawing,,open,9.0,2.010255,3.247188,42.19,107.94,33.85,92.94,24.40,75.92,1365,1285,1077,244,WH-station1,2026-08-13T20:55:16.282-07:00
water_draw_3,2026-08-13T20:55:16.876-07:00,38.600,drawing,,open,9.0,2.037479,3.236979,42.29,108.13,33.96,93.13,24.40,75.92,1366,1286,1075,244,WH-station1,2026-08-13T20:55:16.787-07:00
water_draw_3,2026-08-13T20:55:17.381-07:00,39.105,drawing,,open,9.0,2.064708,3.236979,42.40,108.31,34.27,93.69,24.30,75.74,1367,1289,1075,243,WH-station1,2026-08-13T20:55:17.292-07:00
water_draw_3,2026-08-13T20:55:17.885-07:00,39.609,drawing,,open,9.0,2.091888,3.231875,42.50,108.50,33.85,92.94,24.40,75.92,1368,1285,1074,244,WH-station1,2026-08-13T20:55:17.797-07:00
water_draw_3,2026-08-13T20:55:18.390-07:00,40.114,drawing,,open,9.0,2.119120,3.236979,42.40,108.31,34.38,93.88,24.40,75.92,1367,1290,1075,244,WH-station1,2026-08-13T20:55:18.302-07:00
water_draw_3,2026-08-13T20:55:18.895-07:00,40.619,drawing,,open,9.0,2.146602,3.267604,42.71,108.88,34.17,93.50,24.30,75.74,1370,1288,1081,243,WH-station1,2026-08-13T20:55:18.807-07:00
water_draw_3,2026-08-13T20:55:19.399-07:00,41.124,drawing,,open,9.0,2.174045,3.262500,42.50,108.50,34.48,94.06,24.30,75.74,1368,1291,1080,243,WH-station1,2026-08-13T20:55:19.313-07:00
water_draw_3,2026-08-13T20:55:19.904-07:00,41.628,drawing,,open,9.0,2.201183,3.226771,42.71,108.88,34.58,94.25,24.50,76.10,1370,1292,1073,245,WH-station1,2026-08-13T20:55:19.818-07:00
water_draw_3,2026-08-13T20:55:20.409-07:00,42.133,drawing,,open,9.0,2.228410,3.236979,42.71,108.88,34.38,93.88,24.30,75.74,1370,1290,1075,243,WH-station1,2026-08-13T20:55:20.323-07:00
water_draw_3,2026-08-13T20:55:20.913-07:00,42.637,drawing,,open,9.0,2.255677,3.242083,43.12,109.62,34.38,93.88,24.30,75.74,1374,1290,1076,243,WH-station1,2026-08-13T20:55:20.828-07:00
water_draw_3,2026-08-13T20:55:21.418-07:00,43.142,drawing,,open,9.0,2.283082,3.257396,43.02,109.44,34.38,93.88,24.40,75.92,1373,1290,1079,244,WH-station1,2026-08-13T20:55:21.333-07:00
water_draw_3,2026-08-13T20:55:21.923-07:00,43.647,drawing,,open,9.0,2.310309,3.236979,43.02,109.44,34.48,94.06,24.40,75.92,1373,1291,1075,244,WH-station1,2026-08-13T20:55:21.838-07:00
water_draw_3,2026-08-13T20:55:22.427-07:00,44.152,drawing,,open,9.0,2.337625,3.247188,43.02,109.44,34.69,94.44,24.40,75.92,1373,1293,1077,244,WH-station1,2026-08-13T20:55:22.343-07:00
water_draw_3,2026-08-13T20:55:22.932-07:00,44.656,drawing,,open,9.0,2.365023,3.257396,43.02,109.44,34.69,94.44,24.40,75.92,1373,1293,1079,244,WH-station1,2026-08-13T20:55:22.848-07:00
water_draw_3,2026-08-13T20:55:23.437-07:00,45.161,drawing,,open,9.0,2.392166,3.226771,43.02,109.44,34.48,94.06,24.40,75.92,1373,1291,1073,244,WH-station1,2026-08-13T20:55:23.353-07:00
water_draw_3,2026-08-13T20:55:23.942-07:00,45.666,drawing,,open,9.0,2.419439,3.242083,43.33,110.00,34.58,94.25,24.30,75.74,1376,1292,1076,243,WH-station1,2026-08-13T20:55:23.858-07:00
water_draw_3,2026-08-13T20:55:24.446-07:00,46.171,drawing,,open,9.0,2.446719,3.242083,43.44,110.19,34.79,94.62,24.40,75.92,1377,1294,1076,244,WH-station1,2026-08-13T20:55:24.363-07:00
water_draw_3,2026-08-13T20:55:24.951-07:00,46.675,drawing,,open,9.0,2.474203,3.267604,43.23,109.81,34.69,94.44,24.30,75.74,1375,1293,1081,243,WH-station1,2026-08-13T20:55:24.869-07:00
water_draw_3,2026-08-13T20:55:25.456-07:00,47.180,drawing,,open,9.0,2.501647,3.262500,43.33,110.00,35.21,95.38,24.30,75.74,1376,1298,1080,243,WH-station1,2026-08-13T20:55:25.374-07:00
water_draw_3,2026-08-13T20:55:25.960-07:00,47.685,drawing,,open,9.0,2.528918,3.242083,43.44,110.19,35.00,95.00,24.40,75.92,1377,1296,1076,244,WH-station1,2026-08-13T20:55:25.879-07:00
water_draw_3,2026-08-13T20:55:26.465-07:00,48.189,drawing,,open,9.0,2.556405,3.267604,43.44,110.19,34.79,94.62,24.20,75.56,1377,1294,1081,242,WH-station1,2026-08-13T20:55:26.384-07:00
water_draw_3,2026-08-13T20:55:26.970-07:00,48.694,drawing,,open,9.0,2.583592,3.231875,43.54,110.38,35.10,95.19,24.30,75.74,1378,1297,1074,243,WH-station1,2026-08-13T20:55:26.889-07:00
water_draw_3,2026-08-13T20:55:27.475-07:00,49.199,drawing,,open,9.0,2.611036,3.262500,43.33,110.00,34.90,94.81,24.30,75.74,1376,1295,1080,243,WH-station1,2026-08-13T20:55:27.394-07:00
water_draw_3,2026-08-13T20:55:27.979-07:00,49.704,drawing,,open,9.0,2.638221,3.231875,43.65,110.56,35.42,95.75,24.30,75.74,1379,1300,1074,243,WH-station1,2026-08-13T20:55:27.899-07:00
water_draw_3,2026-08-13T20:55:28.484-07:00,50.208,drawing,,open,9.0,2.665364,3.226771,43.44,110.19,35.21,95.38,24.30,75.74,1377,1298,1073,243,WH-station1,2026-08-13T20:55:28.404-07:00
water_draw_3,2026-08-13T20:55:28.989-07:00,50.713,drawing,,open,9.0,2.692764,3.257396,43.54,110.38,35.42,95.75,24.30,75.74,1378,1300,1079,243,WH-station1,2026-08-13T20:55:28.909-07:00
water_draw_3,2026-08-13T20:55:29.494-07:00,51.218,drawing,,open,9.0,2.720214,3.262500,43.65,110.56,35.10,95.19,24.30,75.74,1379,1297,1080,243,WH-station1,2026-08-13T20:55:29.414-07:00
water_draw_3,2026-08-13T20:55:29.998-07:00,51.722,drawing,,open,9.0,2.747443,3.236979,43.75,110.75,35.10,95.19,24.50,76.10,1380,1297,1075,245,WH-station1,2026-08-13T20:55:29.919-07:00
water_draw_3,2026-08-13T20:55:30.503-07:00,52.227,drawing,,open,9.0,2.774757,3.247188,43.65,110.56,35.10,95.19,24.30,75.74,1379,1297,1077,243,WH-station1,2026-08-13T20:55:30.425-07:00
water_draw_3,2026-08-13T20:55:31.008-07:00,52.732,drawing,,open,9.0,2.802241,3.267604,43.75,110.75,35.10,95.19,24.30,75.74,1380,1297,1081,243,WH-station1,2026-08-13T20:55:30.930-07:00
water_draw_3,2026-08-13T20:55:31.512-07:00,53.237,drawing,,open,9.0,2.829470,3.236979,43.54,110.38,35.42,95.75,24.30,75.74,1378,1300,1075,243,WH-station1,2026-08-13T20:55:31.435-07:00
water_draw_3,2026-08-13T20:55:32.017-07:00,53.741,drawing,,open,9.0,2.856782,3.247188,43.75,110.75,35.21,95.38,24.30,75.74,1380,1298,1077,243,WH-station1,2026-08-13T20:55:31.940-07:00
water_draw_3,2026-08-13T20:55:32.522-07:00,54.246,drawing,,open,9.0,2.884189,3.257396,43.75,110.75,35.31,95.56,24.20,75.56,1380,1299,1079,242,WH-station1,2026-08-13T20:55:32.445-07:00
water_draw_3,2026-08-13T20:55:33.026-07:00,54.751,drawing,,open,9.0,2.911588,3.257396,43.85,110.94,35.42,95.75,24.40,75.92,1381,1300,1079,244,WH-station1,2026-08-13T20:55:32.950-07:00
water_draw_3,2026-08-13T20:55:33.531-07:00,55.255,drawing,,open,9.0,2.938988,3.257396,43.96,111.13,35.42,95.75,24.30,75.74,1382,1300,1079,243,WH-station1,2026-08-13T20:55:33.455-07:00
water_draw_3,2026-08-13T20:55:34.036-07:00,55.760,drawing,,open,9.0,2.966259,3.242083,43.75,110.75,35.73,96.31,24.30,75.74,1380,1303,1076,243,WH-station1,2026-08-13T20:55:33.960-07:00
water_draw_3,2026-08-13T20:55:34.541-07:00,56.265,drawing,,open,9.0,2.993745,3.267604,43.96,111.13,35.21,95.38,24.30,75.74,1382,1298,1081,243,WH-station1,2026-08-13T20:55:34.465-07:00
water_draw_3,2026-08-13T20:55:35.045-07:00,56.770,drawing,,open,9.0,3.020933,3.231875,44.17,111.50,35.52,95.94,24.20,75.56,1384,1301,1074,242,WH-station1,2026-08-13T20:55:34.971-07:00
water_draw_3,2026-08-13T20:55:35.591-07:00,57.274,drawing,,open,9.0,3.048512,3.277813,43.85,110.94,35.42,95.75,24.30,75.74,1381,1300,1083,243,WH-station1,2026-08-13T20:55:35.476-07:00
water_draw_3,2026-08-13T20:55:36.100-07:00,57.820,drawing,,open,9.0,3.078261,3.272708,43.96,111.13,35.52,95.94,24.30,75.74,1382,1301,1082,243,WH-station1,2026-08-13T20:55:35.981-07:00
water_draw_3,2026-08-13T20:55:36.606-07:00,58.329,drawing,,open,9.0,3.106270,3.303333,44.06,111.31,35.31,95.56,24.30,75.74,1383,1299,1088,243,WH-station1,2026-08-13T20:55:36.486-07:00
water_draw_3,2026-08-13T20:55:37.116-07:00,58.835,drawing,,open,9.0,3.133898,3.272708,44.06,111.31,35.31,95.56,24.30,75.74,1383,1299,1082,243,WH-station1,2026-08-13T20:55:36.991-07:00
water_draw_3,2026-08-13T20:55:37.620-07:00,59.345,drawing,,open,9.0,3.161477,3.247188,44.06,111.31,35.73,96.31,24.30,75.74,1383,1303,1077,243,WH-station1,2026-08-13T20:55:37.496-07:00
water_draw_3,2026-08-13T20:55:38.125-07:00,59.849,drawing,,open,9.0,3.189098,3.282917,43.96,111.13,35.52,95.94,24.30,75.74,1382,1301,1084,243,WH-station1,2026-08-13T20:55:38.001-07:00
water_draw_3,2026-08-13T20:55:38.630-07:00,60.354,drawing,,open,9.0,3.216672,3.277813,44.27,111.69,35.62,96.12,24.40,75.92,1385,1302,1083,244,WH-station1,2026-08-13T20:55:38.506-07:00
water_draw_3,2026-08-13T20:55:39.135-07:00,60.859,drawing,,open,9.0,3.244204,3.272708,44.17,111.50,35.73,96.31,24.20,75.56,1384,1303,1082,242,WH-station1,2026-08-13T20:55:39.011-07:00
water_draw_3,2026-08-13T20:55:39.640-07:00,61.364,drawing,,open,9.0,3.271607,3.257396,43.96,111.13,35.31,95.56,24.50,76.10,1382,1299,1079,245,WH-station1,2026-08-13T20:55:39.516-07:00
water_draw_3,2026-08-13T20:55:40.144-07:00,61.868,drawing,,open,9.0,3.299052,3.262500,44.27,111.69,35.73,96.31,24.20,75.56,1385,1303,1080,242,WH-station1,2026-08-13T20:55:40.021-07:00
water_draw_3,2026-08-13T20:55:40.649-07:00,62.373,drawing,,open,9.0,3.326709,3.288021,44.27,111.69,35.62,96.12,24.40,75.92,1385,1302,1085,244,WH-station1,2026-08-13T20:55:40.526-07:00
water_draw_3,2026-08-13T20:55:41.154-07:00,62.878,drawing,,open,9.0,3.354161,3.262500,44.27,111.69,35.62,96.12,24.30,75.74,1385,1302,1080,243,WH-station1,2026-08-13T20:55:41.031-07:00
water_draw_3,2026-08-13T20:55:41.659-07:00,63.383,drawing,,open,9.0,3.381691,3.272708,44.06,111.31,35.62,96.12,24.40,75.92,1383,1302,1082,244,WH-station1,2026-08-13T20:55:41.536-07:00
water_draw_3,2026-08-13T20:55:42.163-07:00,63.887,drawing,,open,9.0,3.409266,3.277813,44.17,111.50,35.73,96.31,24.20,75.56,1384,1303,1083,242,WH-station1,2026-08-13T20:55:42.041-07:00
water_draw_3,2026-08-13T20:55:42.668-07:00,64.392,drawing,,open,9.0,3.436711,3.262500,44.27,111.69,35.42,95.75,24.40,75.92,1385,1300,1080,244,WH-station1,2026-08-13T20:55:42.547-07:00
water_draw_3,2026-08-13T20:55:43.173-07:00,64.897,drawing,,open,9.0,3.464199,3.267604,44.38,111.88,35.21,95.38,24.30,75.74,1386,1298,1081,243,WH-station1,2026-08-13T20:55:43.052-07:00
water_draw_3,2026-08-13T20:55:43.678-07:00,65.402,drawing,,open,9.0,3.491643,3.262500,44.58,112.25,35.62,96.12,24.40,75.92,1388,1302,1080,244,WH-station1,2026-08-13T20:55:43.557-07:00
water_draw_3,2026-08-13T20:55:44.182-07:00,65.906,drawing,,open,9.0,3.519051,3.257396,44.27,111.69,35.73,96.31,24.40,75.92,1385,1303,1079,244,WH-station1,2026-08-13T20:55:44.062-07:00
water_draw_3,2026-08-13T20:55:44.687-07:00,66.411,drawing,,open,9.0,3.546583,3.272708,44.38,111.88,35.62,96.12,24.20,75.56,1386,1302,1082,242,WH-station1,2026-08-13T20:55:44.567-07:00
water_draw_3,2026-08-13T20:55:45.192-07:00,66.916,drawing,,open,9.0,3.574029,3.262500,44.38,111.88,35.42,95.75,24.30,75.74,1386,1300,1080,243,WH-station1,2026-08-13T20:55:45.072-07:00
water_draw_3,2026-08-13T20:55:45.697-07:00,67.421,drawing,,open,9.0,3.601386,3.252292,44.38,111.88,35.83,96.50,24.30,75.74,1386,1304,1078,243,WH-station1,2026-08-13T20:55:45.576-07:00
water_draw_3,2026-08-13T20:55:46.201-07:00,67.925,drawing,,open,9.0,3.628961,3.277813,44.48,112.06,35.73,96.31,24.30,75.74,1387,1303,1083,243,WH-station1,2026-08-13T20:55:46.081-07:00
water_draw_3,2026-08-13T20:55:46.706-07:00,68.430,drawing,,open,9.0,3.656497,3.272708,44.48,112.06,35.62,96.12,24.40,75.92,1387,1302,1082,244,WH-station1,2026-08-13T20:55:46.586-07:00
water_draw_3,2026-08-13T20:55:47.211-07:00,68.935,drawing,,open,9.0,3.684070,3.277813,44.48,112.06,35.73,96.31,24.20,75.56,1387,1303,1083,242,WH-station1,2026-08-13T20:55:47.091-07:00
water_draw_3,2026-08-13T20:55:47.716-07:00,69.440,drawing,,open,9.0,3.711644,3.277813,44.69,112.44,35.62,96.12,24.40,75.92,1389,1302,1083,244,WH-station1,2026-08-13T20:55:47.595-07:00
water_draw_3,2026-08-13T20:55:48.220-07:00,69.944,drawing,,open,9.0,3.739262,3.282917,44.58,112.25,35.62,96.12,24.20,75.56,1388,1302,1084,242,WH-station1,2026-08-13T20:55:48.100-07:00
water_draw_3,2026-08-13T20:55:48.725-07:00,70.449,drawing,,open,9.0,3.766919,3.288021,44.48,112.06,35.62,96.12,24.40,75.92,1387,1302,1085,244,WH-station1,2026-08-13T20:55:48.605-07:00
water_draw_3,2026-08-13T20:55:49.230-07:00,70.954,drawing,,open,9.0,3.794410,3.267604,44.38,111.88,35.52,95.94,24.20,75.56,1386,1301,1081,242,WH-station1,2026-08-13T20:55:49.109-07:00
water_draw_3,2026-08-13T20:55:49.734-07:00,71.459,drawing,,open,9.0,3.821982,3.277813,44.69,112.44,35.73,96.31,24.40,75.92,1389,1303,1083,244,WH-station1,2026-08-13T20:55:49.614-07:00
water_draw_3,2026-08-13T20:55:50.239-07:00,71.963,drawing,,open,9.0,3.849639,3.288021,44.58,112.25,35.83,96.50,24.30,75.74,1388,1304,1085,243,WH-station1,2026-08-13T20:55:50.119-07:00
water_draw_3,2026-08-13T20:55:50.744-07:00,72.468,drawing,,open,9.0,3.877212,3.277813,44.69,112.44,35.62,96.12,24.40,75.92,1389,1302,1083,244,WH-station1,2026-08-13T20:55:50.623-07:00
water_draw_3,2026-08-13T20:55:51.249-07:00,72.973,drawing,,open,9.0,3.904914,3.293125,44.58,112.25,35.21,95.38,24.20,75.56,1388,1298,1086,242,WH-station1,2026-08-13T20:55:51.128-07:00
water_draw_3,2026-08-13T20:55:51.753-07:00,73.478,drawing,,open,9.0,3.932487,3.277813,44.48,112.06,35.62,96.12,24.40,75.92,1387,1302,1083,244,WH-station1,2026-08-13T20:55:51.633-07:00
water_draw_3,2026-08-13T20:55:52.258-07:00,73.982,drawing,,open,9.0,3.959933,3.262500,44.69,112.44,35.62,96.12,24.30,75.74,1389,1302,1080,243,WH-station1,2026-08-13T20:55:52.138-07:00
water_draw_3,2026-08-13T20:55:52.763-07:00,74.487,drawing,,open,9.0,3.987546,3.282917,44.58,112.25,35.52,95.94,24.30,75.74,1388,1301,1084,243,WH-station1,2026-08-13T20:55:52.642-07:00
water_draw_3,2026-08-13T20:55:53.267-07:00,74.992,drawing,,open,9.0,4.015076,3.272708,44.58,112.25,35.52,95.94,24.30,75.74,1388,1301,1082,243,WH-station1,2026-08-13T20:55:53.147-07:00
water_draw_3,2026-08-13T20:55:53.772-07:00,75.496,drawing,,open,9.0,4.042734,3.288021,44.90,112.81,35.31,95.56,24.20,75.56,1391,1299,1085,242,WH-station1,2026-08-13T20:55:53.652-07:00
water_draw_3,2026-08-13T20:55:54.277-07:00,76.001,drawing,,open,9.0,4.070306,3.277813,44.69,112.44,35.52,95.94,24.30,75.74,1389,1301,1083,243,WH-station1,2026-08-13T20:55:54.156-07:00
water_draw_3,2026-08-13T20:55:54.782-07:00,76.506,drawing,,open,9.0,4.097890,3.277813,44.79,112.62,35.62,96.12,24.40,75.92,1390,1302,1083,244,WH-station1,2026-08-13T20:55:54.661-07:00
water_draw_3,2026-08-13T20:55:55.286-07:00,77.011,drawing,,open,9.0,4.125635,3.298229,44.69,112.44,35.52,95.94,24.20,75.56,1389,1301,1087,242,WH-station1,2026-08-13T20:55:55.166-07:00
water_draw_3,2026-08-13T20:55:55.791-07:00,77.515,drawing,,open,9.0,4.153074,3.262500,44.69,112.44,35.42,95.75,24.40,75.92,1389,1300,1080,244,WH-station1,2026-08-13T20:55:55.670-07:00
water_draw_3,2026-08-13T20:55:56.296-07:00,78.020,drawing,,open,9.0,4.180562,3.267604,44.90,112.81,35.52,95.94,24.20,75.56,1391,1301,1081,242,WH-station1,2026-08-13T20:55:56.175-07:00
water_draw_3,2026-08-13T20:55:56.801-07:00,78.525,drawing,,open,9.0,4.208220,3.288021,44.90,112.81,35.21,95.38,24.30,75.74,1391,1298,1085,243,WH-station1,2026-08-13T20:55:56.680-07:00
water_draw_3,2026-08-13T20:55:57.305-07:00,79.030,drawing,,open,9.0,4.235672,3.262500,44.58,112.25,35.62,96.12,24.40,75.92,1388,1302,1080,244,WH-station1,2026-08-13T20:55:57.185-07:00
water_draw_3,2026-08-13T20:55:57.810-07:00,79.534,drawing,,open,9.0,4.263250,3.277813,44.69,112.44,35.21,95.38,24.30,75.74,1389,1298,1083,243,WH-station1,2026-08-13T20:55:57.689-07:00
water_draw_3,2026-08-13T20:55:58.315-07:00,80.039,drawing,,open,9.0,4.290955,3.293125,44.79,112.62,35.10,95.19,24.30,75.74,1390,1297,1086,243,WH-station1,2026-08-13T20:55:58.194-07:00
water_draw_3,2026-08-13T20:55:58.820-07:00,80.544,drawing,,open,9.0,4.318568,3.282917,44.90,112.81,35.31,95.56,24.30,75.74,1391,1299,1084,243,WH-station1,2026-08-13T20:55:58.699-07:00
water_draw_3,2026-08-13T20:55:59.324-07:00,81.049,drawing,,open,9.0,4.346270,3.293125,45.10,113.19,35.31,95.56,24.30,75.74,1393,1299,1086,243,WH-station1,2026-08-13T20:55:59.204-07:00
water_draw_3,2026-08-13T20:55:59.829-07:00,81.553,drawing,,open,9.0,4.373801,3.272708,44.90,112.81,35.42,95.75,24.30,75.74,1391,1300,1082,243,WH-station1,2026-08-13T20:55:59.708-07:00
water_draw_3,2026-08-13T20:56:00.334-07:00,82.058,drawing,,open,9.0,4.401505,3.293125,44.69,112.44,35.21,95.38,24.30,75.74,1389,1298,1086,243,WH-station1,2026-08-13T20:56:00.213-07:00
water_draw_3,2026-08-13T20:56:00.839-07:00,82.563,drawing,,open,9.0,4.429249,3.298229,44.79,112.62,35.42,95.75,24.20,75.56,1390,1300,1087,242,WH-station1,2026-08-13T20:56:00.718-07:00
water_draw_3,2026-08-13T20:56:01.341-07:00,83.068,drawing,,open,9.0,4.456971,3.293125,44.90,112.81,35.21,95.38,24.30,75.74,1391,1298,1086,243,WH-station1,2026-08-13T20:56:01.222-07:00
water_draw_3,2026-08-13T20:56:01.843-07:00,83.570,drawing,,open,9.0,4.484526,3.293125,44.90,112.81,35.31,95.56,24.30,75.74,1391,1299,1086,243,WH-station1,2026-08-13T20:56:01.727-07:00
water_draw_3,2026-08-13T20:56:02.345-07:00,84.072,drawing,,open,9.0,4.512081,3.293125,44.79,112.62,35.21,95.38,24.40,75.92,1390,1298,1086,244,WH-station1,2026-08-13T20:56:02.232-07:00
water_draw_3,2026-08-13T20:56:02.847-07:00,84.574,drawing,,open,9.0,4.539588,3.288021,45.00,113.00,35.21,95.38,24.30,75.74,1392,1298,1085,243,WH-station1,2026-08-13T20:56:02.737-07:00
water_draw_3,2026-08-13T20:56:03.349-07:00,85.076,drawing,,open,9.0,4.566926,3.267604,44.79,112.62,35.00,95.00,24.40,75.92,1390,1296,1081,244,WH-station1,2026-08-13T20:56:03.241-07:00
water_draw_3,2026-08-13T20:56:03.851-07:00,85.578,drawing,,open,9.0,4.594390,3.282917,45.00,113.00,35.21,95.38,24.30,75.74,1392,1298,1084,243,WH-station1,2026-08-13T20:56:03.746-07:00
water_draw_3,2026-08-13T20:56:04.353-07:00,86.080,drawing,,open,9.0,4.621987,3.298229,44.79,112.62,35.21,95.38,24.30,75.74,1390,1298,1087,243,WH-station1,2026-08-13T20:56:04.251-07:00
water_draw_3,2026-08-13T20:56:04.855-07:00,86.582,drawing,,open,9.0,4.649538,3.293125,44.90,112.81,35.10,95.19,24.30,75.74,1391,1297,1086,243,WH-station1,2026-08-13T20:56:04.756-07:00
water_draw_3,2026-08-13T20:56:05.357-07:00,87.084,drawing,,open,9.0,4.676961,3.277813,45.00,113.00,35.31,95.56,24.30,75.74,1392,1299,1083,243,WH-station1,2026-08-13T20:56:05.260-07:00
water_draw_3,2026-08-13T20:56:05.859-07:00,87.586,drawing,,open,9.0,4.704554,3.298229,44.79,112.62,35.31,95.56,24.30,75.74,1390,1299,1087,243,WH-station1,2026-08-13T20:56:05.765-07:00
water_draw_3,2026-08-13T20:56:06.364-07:00,88.088,drawing,,open,9.0,4.732026,3.282917,44.90,112.81,35.00,95.00,24.30,75.74,1391,1296,1084,243,WH-station1,2026-08-13T20:56:06.270-07:00
water_draw_3,2026-08-13T20:56:06.869-07:00,88.593,drawing,,open,9.0,4.759761,3.293125,45.00,113.00,34.69,94.44,24.20,75.56,1392,1293,1086,242,WH-station1,2026-08-13T20:56:06.774-07:00
water_draw_3,2026-08-13T20:56:07.374-07:00,89.098,drawing,,open,9.0,4.787567,3.303333,44.90,112.81,35.31,95.56,24.30,75.74,1391,1299,1088,243,WH-station1,2026-08-13T20:56:07.279-07:00
water_draw_3,2026-08-13T20:56:07.879-07:00,89.603,drawing,,open,9.0,4.815222,3.288021,45.00,113.00,34.90,94.81,24.20,75.56,1392,1295,1085,242,WH-station1,2026-08-13T20:56:07.784-07:00
water_draw_3,2026-08-13T20:56:08.383-07:00,90.108,drawing,,open,9.0,4.842880,3.288021,45.00,113.00,35.00,95.00,24.20,75.56,1392,1296,1085,242,WH-station1,2026-08-13T20:56:08.289-07:00
water_draw_3,2026-08-13T20:56:08.888-07:00,90.612,drawing,,open,9.0,4.870626,3.298229,45.10,113.19,35.21,95.38,24.20,75.56,1393,1298,1087,242,WH-station1,2026-08-13T20:56:08.793-07:00
water_draw_3,2026-08-13T20:56:09.393-07:00,91.117,drawing,,open,9.0,4.898297,3.288021,44.79,112.62,34.79,94.62,24.30,75.74,1390,1294,1085,243,WH-station1,2026-08-13T20:56:09.298-07:00
water_draw_3,2026-08-13T20:56:09.898-07:00,91.622,drawing,,open,9.0,4.925914,3.282917,44.79,112.62,35.00,95.00,24.30,75.74,1390,1296,1084,243,WH-station1,2026-08-13T20:56:09.803-07:00
water_draw_3,2026-08-13T20:56:10.403-07:00,92.127,drawing,,open,9.0,4.953617,3.293125,45.10,113.19,35.00,95.00,24.20,75.56,1393,1296,1086,242,WH-station1,2026-08-13T20:56:10.307-07:00
water_draw_3,2026-08-13T20:56:10.907-07:00,92.632,drawing,,open,9.0,4.981274,3.288021,45.10,113.19,34.90,94.81,24.10,75.38,1393,1295,1085,241,WH-station1,2026-08-13T20:56:10.812-07:00
water_draw_3,2026-08-13T20:56:11.412-07:00,93.136,drawing,,open,9.0,5.009104,3.308438,44.90,112.81,34.90,94.81,24.10,75.38,1391,1295,1089,241,WH-station1,2026-08-13T20:56:11.317-07:00
water_draw_3,2026-08-13T20:56:11.917-07:00,93.641,drawing,,open,9.0,5.036809,3.293125,45.00,113.00,34.90,94.81,24.20,75.56,1392,1295,1086,242,WH-station1,2026-08-13T20:56:11.822-07:00
water_draw_3,2026-08-13T20:56:12.422-07:00,94.146,drawing,,open,9.0,5.064473,3.288021,44.90,112.81,35.00,95.00,24.20,75.56,1391,1296,1085,242,WH-station1,2026-08-13T20:56:12.326-07:00
water_draw_3,2026-08-13T20:56:12.926-07:00,94.651,drawing,,open,9.0,5.092262,3.303333,44.69,112.44,34.79,94.62,24.30,75.74,1389,1294,1088,243,WH-station1,2026-08-13T20:56:12.831-07:00
water_draw_3,2026-08-13T20:56:13.431-07:00,95.155,drawing,,open,9.0,5.120265,3.328854,44.90,112.81,34.69,94.44,24.30,75.74,1391,1293,1093,243,WH-station1,2026-08-13T20:56:13.336-07:00
water_draw_3,2026-08-13T20:56:13.936-07:00,95.660,drawing,,open,9.0,5.148224,3.323750,44.90,112.81,35.10,95.19,24.20,75.56,1391,1297,1092,242,WH-station1,2026-08-13T20:56:13.841-07:00
water_draw_3,2026-08-13T20:56:14.441-07:00,96.165,drawing,,open,9.0,5.176098,3.313542,45.00,113.00,35.00,95.00,24.20,75.56,1392,1296,1090,242,WH-station1,2026-08-13T20:56:14.345-07:00
water_draw_3,2026-08-13T20:56:14.945-07:00,96.669,drawing,,open,9.0,5.204098,3.328854,45.10,113.19,34.48,94.06,24.20,75.56,1393,1291,1093,242,WH-station1,2026-08-13T20:56:14.850-07:00
water_draw_3,2026-08-13T20:56:15.450-07:00,97.174,drawing,,open,9.0,5.232024,3.318646,44.90,112.81,34.79,94.62,24.30,75.74,1391,1294,1091,243,WH-station1,2026-08-13T20:56:15.355-07:00
water_draw_3,2026-08-13T20:56:15.955-07:00,97.679,drawing,,open,9.0,5.260114,3.339063,45.00,113.00,34.69,94.44,24.30,75.74,1392,1293,1095,243,WH-station1,2026-08-13T20:56:15.859-07:00
water_draw_3,2026-08-13T20:56:16.460-07:00,98.184,drawing,,open,9.0,5.288245,3.344167,45.10,113.19,34.48,94.06,24.30,75.74,1393,1291,1096,243,WH-station1,2026-08-13T20:56:16.364-07:00
water_draw_3,2026-08-13T20:56:16.964-07:00,98.688,drawing,,open,9.0,5.316203,3.323750,45.21,113.38,34.58,94.25,24.20,75.56,1394,1292,1092,242,WH-station1,2026-08-13T20:56:16.869-07:00
water_draw_3,2026-08-13T20:56:17.469-07:00,99.193,drawing,,open,9.0,5.344162,3.323750,45.00,113.00,34.48,94.06,24.20,75.56,1392,1291,1092,242,WH-station1,2026-08-13T20:56:17.374-07:00
water_draw_3,2026-08-13T20:56:17.974-07:00,99.698,drawing,,open,9.0,5.372167,3.328854,45.21,113.38,34.58,94.25,24.30,75.74,1394,1292,1093,243,WH-station1,2026-08-13T20:56:17.878-07:00
water_draw_3,2026-08-13T20:56:18.478-07:00,100.203,drawing,,open,9.0,5.399912,3.298229,45.00,113.00,34.58,94.25,24.20,75.56,1392,1292,1087,242,WH-station1,2026-08-13T20:56:18.383-07:00
water_draw_3,2026-08-13T20:56:18.983-07:00,100.707,drawing,,open,9.0,5.427912,3.328854,45.10,113.19,34.69,94.44,24.30,75.74,1393,1293,1093,243,WH-station1,2026-08-13T20:56:18.887-07:00
water_draw_3,2026-08-13T20:56:19.488-07:00,101.212,drawing,,open,9.0,5.456002,3.339063,45.00,113.00,34.38,93.88,24.20,75.56,1392,1290,1095,242,WH-station1,2026-08-13T20:56:19.392-07:00
water_draw_3,2026-08-13T20:56:19.993-07:00,101.717,drawing,,open,9.0,5.483920,3.318646,45.10,113.19,34.48,94.06,24.30,75.74,1393,1291,1091,243,WH-station1,2026-08-13T20:56:19.897-07:00
water_draw_3,2026-08-13T20:56:20.497-07:00,102.222,drawing,,open,9.0,5.511713,3.303333,45.10,113.19,34.79,94.62,24.10,75.38,1393,1294,1088,241,WH-station1,2026-08-13T20:56:20.402-07:00
water_draw_3,2026-08-13T20:56:21.002-07:00,102.726,drawing,,open,9.0,5.539630,3.318646,45.21,113.38,34.58,94.25,24.30,75.74,1394,1292,1091,243,WH-station1,2026-08-13T20:56:20.906-07:00
water_draw_3,2026-08-13T20:56:21.507-07:00,103.231,drawing,,open,9.0,5.567464,3.308438,45.00,113.00,34.17,93.50,24.20,75.56,1392,1288,1089,242,WH-station1,2026-08-13T20:56:21.411-07:00
water_draw_3,2026-08-13T20:56:22.012-07:00,103.736,drawing,,open,9.0,5.595354,3.313542,45.21,113.38,34.06,93.31,24.20,75.56,1394,1287,1090,242,WH-station1,2026-08-13T20:56:21.916-07:00
water_draw_3,2026-08-13T20:56:22.517-07:00,104.241,drawing,,open,9.0,5.623015,3.288021,45.42,113.75,34.17,93.50,24.40,75.92,1396,1288,1085,244,WH-station1,2026-08-13T20:56:22.421-07:00
water_draw_3,2026-08-13T20:56:23.022-07:00,104.746,drawing,,open,9.0,5.650977,3.323750,45.00,113.00,34.38,93.88,24.10,75.38,1392,1290,1092,241,WH-station1,2026-08-13T20:56:22.925-07:00
water_draw_3,2026-08-13T20:56:23.526-07:00,105.251,drawing,,open,9.0,5.678770,3.303333,45.10,113.19,34.27,93.69,24.30,75.74,1393,1289,1088,243,WH-station1,2026-08-13T20:56:23.430-07:00
water_draw_3,2026-08-13T20:56:24.031-07:00,105.755,drawing,,open,9.0,5.706557,3.303333,45.00,113.00,34.38,93.88,24.20,75.56,1392,1290,1088,242,WH-station1,2026-08-13T20:56:23.934-07:00
water_draw_3,2026-08-13T20:56:24.536-07:00,106.260,drawing,,open,9.0,5.734474,3.318646,44.90,112.81,33.96,93.13,24.30,75.74,1391,1286,1091,243,WH-station1,2026-08-13T20:56:24.439-07:00
water_draw_3,2026-08-13T20:56:25.040-07:00,106.765,drawing,,open,9.0,5.762515,3.333958,45.31,113.56,34.27,93.69,24.20,75.56,1395,1289,1094,242,WH-station1,2026-08-13T20:56:24.944-07:00
water_draw_3,2026-08-13T20:56:25.545-07:00,107.269,drawing,,open,9.0,5.790262,3.298229,45.10,113.19,34.06,93.31,24.30,75.74,1393,1287,1087,243,WH-station1,2026-08-13T20:56:25.449-07:00
water_draw_3,2026-08-13T20:56:26.050-07:00,107.774,drawing,,open,9.0,5.818137,3.313542,45.00,113.00,34.27,93.69,24.20,75.56,1392,1289,1090,242,WH-station1,2026-08-13T20:56:25.953-07:00
water_draw_3,2026-08-13T20:56:26.555-07:00,108.279,drawing,,open,9.0,5.846011,3.313542,45.10,113.19,34.06,93.31,24.20,75.56,1393,1287,1090,242,WH-station1,2026-08-13T20:56:26.458-07:00
water_draw_3,2026-08-13T20:56:27.059-07:00,108.784,drawing,,open,9.0,5.874097,3.339063,45.21,113.38,33.85,92.94,24.10,75.38,1394,1285,1095,241,WH-station1,2026-08-13T20:56:26.963-07:00
water_draw_3,2026-08-13T20:56:27.564-07:00,109.288,drawing,,open,9.0,5.901970,3.313542,45.21,113.38,33.85,92.94,24.20,75.56,1394,1285,1090,242,WH-station1,2026-08-13T20:56:27.467-07:00
water_draw_3,2026-08-13T20:56:28.069-07:00,109.793,drawing,,open,9.0,5.929924,3.323750,45.10,113.19,34.06,93.31,24.20,75.56,1393,1287,1092,242,WH-station1,2026-08-13T20:56:27.972-07:00
water_draw_3,2026-08-13T20:56:28.573-07:00,110.298,drawing,,open,9.0,5.957798,3.313542,45.31,113.56,33.96,93.13,24.20,75.56,1395,1286,1090,242,WH-station1,2026-08-13T20:56:28.477-07:00
water_draw_3,2026-08-13T20:56:29.078-07:00,110.802,drawing,,open,9.0,5.985845,3.333958,44.90,112.81,34.06,93.31,24.20,75.56,1391,1287,1094,242,WH-station1,2026-08-13T20:56:28.982-07:00
water_draw_3,2026-08-13T20:56:29.583-07:00,111.307,drawing,,open,9.0,6.013505,3.288021,45.10,113.19,34.06,93.31,24.20,75.56,1393,1287,1085,242,WH-station1,2026-08-13T20:56:29.486-07:00
water_draw_3,2026-08-13T20:56:30.088-07:00,111.812,drawing,,open,9.0,6.041416,3.318646,45.10,113.19,34.27,93.69,24.30,75.74,1393,1289,1091,243,WH-station1,2026-08-13T20:56:29.991-07:00
water_draw_3,2026-08-13T20:56:30.592-07:00,112.316,drawing,,open,9.0,6.069416,3.328854,45.00,113.00,33.96,93.13,24.20,75.56,1392,1286,1093,242,WH-station1,2026-08-13T20:56:30.496-07:00
water_draw_3,2026-08-13T20:56:31.097-07:00,112.821,drawing,,open,9.0,6.097201,3.303333,45.21,113.38,33.75,92.75,24.20,75.56,1394,1284,1088,242,WH-station1,2026-08-13T20:56:31.000-07:00
water_draw_3,2026-08-13T20:56:31.602-07:00,113.326,drawing,,open,9.0,6.125249,3.333958,45.10,113.19,34.17,93.50,24.20,75.56,1393,1288,1094,242,WH-station1,2026-08-13T20:56:31.505-07:00
water_draw_3,2026-08-13T20:56:32.106-07:00,113.831,drawing,,open,9.0,6.152949,3.293125,45.10,113.19,33.75,92.75,24.20,75.56,1393,1284,1086,242,WH-station1,2026-08-13T20:56:32.010-07:00
water_draw_3,2026-08-13T20:56:32.611-07:00,114.335,drawing,,open,9.0,6.180778,3.308438,45.21,113.38,34.06,93.31,24.20,75.56,1394,1287,1089,242,WH-station1,2026-08-13T20:56:32.514-07:00
water_draw_3,2026-08-13T20:56:33.116-07:00,114.840,drawing,,open,9.0,6.208736,3.323750,44.90,112.81,33.96,93.13,24.30,75.74,1391,1286,1092,243,WH-station1,2026-08-13T20:56:33.019-07:00
water_draw_3,2026-08-13T20:56:33.620-07:00,115.345,drawing,,open,9.0,6.236478,3.298229,45.21,113.38,33.96,93.13,24.30,75.74,1394,1286,1087,243,WH-station1,2026-08-13T20:56:33.524-07:00
water_draw_3,2026-08-13T20:56:34.125-07:00,115.849,drawing,,open,9.0,6.264389,3.318646,45.10,113.19,34.06,93.31,24.10,75.38,1393,1287,1091,241,WH-station1,2026-08-13T20:56:34.029-07:00
water_draw_3,2026-08-13T20:56:34.630-07:00,116.354,drawing,,open,9.0,6.292308,3.318646,45.31,113.56,33.85,92.94,24.30,75.74,1395,1285,1091,243,WH-station1,2026-08-13T20:56:34.533-07:00
water_draw_3,2026-08-13T20:56:35.153-07:00,116.859,drawing,,open,9.0,6.319962,3.288021,45.10,113.19,33.65,92.56,24.20,75.56,1393,1283,1085,242,WH-station1,2026-08-13T20:56:35.038-07:00
water_draw_3,2026-08-13T20:56:35.658-07:00,117.382,drawing,,open,9.0,6.348857,3.313542,45.21,113.38,33.65,92.56,24.10,75.38,1394,1283,1090,241,WH-station1,2026-08-13T20:56:35.543-07:00
water_draw_3,2026-08-13T20:56:36.170-07:00,117.887,drawing,,open,9.0,6.376776,3.313542,45.21,113.38,33.96,93.13,24.30,75.74,1394,1286,1090,243,WH-station1,2026-08-13T20:56:36.048-07:00
water_draw_3,2026-08-13T20:56:36.675-07:00,118.399,drawing,,open,9.0,6.405182,3.328854,45.31,113.56,34.06,93.31,24.30,75.74,1395,1287,1093,243,WH-station1,2026-08-13T20:56:36.552-07:00
water_draw_3,2026-08-13T20:56:37.183-07:00,118.904,drawing,,open,9.0,6.433093,3.318646,45.31,113.56,33.65,92.56,24.20,75.56,1395,1283,1091,242,WH-station1,2026-08-13T20:56:37.057-07:00
water_draw_3,2026-08-13T20:56:37.688-07:00,119.412,drawing,,open,9.0,6.461074,3.303333,45.31,113.56,33.75,92.75,24.20,75.56,1395,1284,1088,242,WH-station1,2026-08-13T20:56:37.561-07:00
water_draw_3,2026-08-13T20:56:38.193-07:00,119.917,drawing,,open,9.0,6.489032,3.323750,45.31,113.56,33.96,93.13,24.20,75.56,1395,1286,1092,242,WH-station1,2026-08-13T20:56:38.065-07:00
water_draw_3,2026-08-13T20:56:38.697-07:00,120.422,drawing,,open,9.0,6.517036,3.328854,45.42,113.75,33.75,92.75,24.20,75.56,1396,1284,1093,242,WH-station1,2026-08-13T20:56:38.570-07:00
water_draw_3,2026-08-13T20:56:39.202-07:00,120.926,drawing,,open,9.0,6.544906,3.313542,45.31,113.56,33.54,92.38,24.20,75.56,1395,1282,1090,242,WH-station1,2026-08-13T20:56:39.075-07:00
water_draw_3,2026-08-13T20:56:39.707-07:00,121.431,drawing,,open,9.0,6.572824,3.318646,45.10,113.19,33.75,92.75,24.30,75.74,1393,1284,1091,243,WH-station1,2026-08-13T20:56:39.580-07:00
water_draw_3,2026-08-13T20:56:40.212-07:00,121.936,drawing,,open,9.0,6.600822,3.328854,45.31,113.56,33.44,92.19,24.20,75.56,1395,1281,1093,242,WH-station1,2026-08-13T20:56:40.084-07:00
water_draw_3,2026-08-13T20:56:40.716-07:00,122.440,drawing,,open,9.0,6.628865,3.333958,45.31,113.56,33.44,92.19,24.30,75.74,1395,1281,1094,243,WH-station1,2026-08-13T20:56:40.589-07:00
water_draw_3,2026-08-13T20:56:41.221-07:00,122.945,drawing,,open,9.0,6.656948,3.339063,45.52,113.94,33.44,92.19,24.30,75.74,1397,1281,1095,243,WH-station1,2026-08-13T20:56:41.094-07:00
water_draw_3,2026-08-13T20:56:41.726-07:00,123.450,drawing,,open,9.0,6.684910,3.323750,45.21,113.38,33.54,92.38,24.20,75.56,1394,1282,1092,242,WH-station1,2026-08-13T20:56:41.599-07:00
water_draw_3,2026-08-13T20:56:42.230-07:00,123.955,drawing,,open,9.0,6.713047,3.344167,45.21,113.38,33.75,92.75,24.30,75.74,1394,1284,1096,243,WH-station1,2026-08-13T20:56:42.103-07:00
water_draw_3,2026-08-13T20:56:42.735-07:00,124.459,drawing,,open,9.0,6.741264,3.354375,45.21,113.38,33.65,92.56,24.20,75.56,1394,1283,1098,242,WH-station1,2026-08-13T20:56:42.608-07:00
water_draw_3,2026-08-13T20:56:43.240-07:00,124.964,drawing,,open,9.0,6.769228,3.323750,45.21,113.38,33.75,92.75,24.30,75.74,1394,1284,1092,243,WH-station1,2026-08-13T20:56:43.113-07:00
water_draw_3,2026-08-13T20:56:43.745-07:00,125.469,drawing,,open,9.0,6.797403,3.349271,45.31,113.56,33.65,92.56,24.30,75.74,1395,1283,1097,243,WH-station1,2026-08-13T20:56:43.618-07:00
water_draw_3,2026-08-13T20:56:44.250-07:00,125.974,drawing,,open,9.0,6.825325,3.318646,45.21,113.38,33.44,92.19,24.20,75.56,1394,1281,1091,242,WH-station1,2026-08-13T20:56:44.122-07:00
water_draw_3,2026-08-13T20:56:44.754-07:00,126.478,drawing,,open,9.0,6.853461,3.344167,45.10,113.19,33.44,92.19,24.20,75.56,1393,1281,1096,242,WH-station1,2026-08-13T20:56:44.627-07:00
water_draw_3,2026-08-13T20:56:45.259-07:00,126.983,drawing,,open,9.0,6.881334,3.313542,45.31,113.56,33.54,92.38,24.30,75.74,1395,1282,1090,243,WH-station1,2026-08-13T20:56:45.132-07:00
water_draw_3,2026-08-13T20:56:45.764-07:00,127.488,drawing,,open,9.0,6.909341,3.328854,45.21,113.38,33.44,92.19,24.20,75.56,1394,1281,1093,242,WH-station1,2026-08-13T20:56:45.637-07:00
water_draw_3,2026-08-13T20:56:46.269-07:00,127.993,drawing,,open,9.0,6.937175,3.308438,45.31,113.56,33.44,92.19,24.30,75.74,1395,1281,1089,243,WH-station1,2026-08-13T20:56:46.142-07:00
water_draw_3,2026-08-13T20:56:46.773-07:00,128.498,drawing,,open,9.0,6.965138,3.323750,45.31,113.56,33.44,92.19,24.40,75.92,1395,1281,1092,244,WH-station1,2026-08-13T20:56:46.646-07:00
water_draw_3,2026-08-13T20:56:47.278-07:00,129.002,drawing,,open,9.0,6.993143,3.328854,45.52,113.94,33.02,91.44,24.30,75.74,1397,1277,1093,243,WH-station1,2026-08-13T20:56:47.151-07:00
water_draw_3,2026-08-13T20:56:47.783-07:00,129.507,drawing,,open,9.0,7.021058,3.318646,45.31,113.56,33.54,92.38,24.40,75.92,1395,1282,1091,244,WH-station1,2026-08-13T20:56:47.656-07:00
water_draw_3,2026-08-13T20:56:48.288-07:00,130.012,drawing,,open,9.0,7.049017,3.323750,45.21,113.38,33.44,92.19,24.40,75.92,1394,1281,1092,244,WH-station1,2026-08-13T20:56:48.161-07:00
water_draw_3,2026-08-13T20:56:48.792-07:00,130.517,drawing,,open,9.0,7.076979,3.323750,45.10,113.19,33.23,91.81,24.20,75.56,1393,1279,1092,242,WH-station1,2026-08-13T20:56:48.665-07:00
water_draw_3,2026-08-13T20:56:49.297-07:00,131.021,drawing,,open,9.0,7.105116,3.344167,45.31,113.56,33.23,91.81,24.30,75.74,1395,1279,1096,243,WH-station1,2026-08-13T20:56:49.170-07:00
water_draw_3,2026-08-13T20:56:49.802-07:00,131.526,drawing,,open,9.0,7.132949,3.308438,45.31,113.56,33.65,92.56,24.20,75.56,1395,1283,1089,242,WH-station1,2026-08-13T20:56:49.675-07:00
water_draw_3,2026-08-13T20:56:50.307-07:00,132.031,drawing,,open,9.0,7.160911,3.323750,45.10,113.19,33.44,92.19,24.20,75.56,1393,1281,1092,242,WH-station1,2026-08-13T20:56:50.179-07:00
water_draw_3,2026-08-13T20:56:50.811-07:00,132.536,drawing,,open,9.0,7.188824,3.318646,45.21,113.38,33.33,92.00,24.10,75.38,1394,1280,1091,241,WH-station1,2026-08-13T20:56:50.684-07:00
water_draw_3,2026-08-13T20:56:51.316-07:00,133.040,drawing,,open,9.0,7.216785,3.323750,45.31,113.56,32.92,91.25,24.30,75.74,1395,1276,1092,243,WH-station1,2026-08-13T20:56:51.189-07:00
water_draw_3,2026-08-13T20:56:51.821-07:00,133.545,drawing,,open,9.0,7.244656,3.313542,45.21,113.38,33.44,92.19,24.20,75.56,1394,1281,1090,242,WH-station1,2026-08-13T20:56:51.694-07:00
water_draw_3,2026-08-13T20:56:52.326-07:00,134.050,drawing,,open,9.0,7.272620,3.323750,45.21,113.38,33.12,91.62,24.30,75.74,1394,1278,1092,243,WH-station1,2026-08-13T20:56:52.198-07:00
water_draw_3,2026-08-13T20:56:52.830-07:00,134.555,drawing,,open,9.0,7.300496,3.313542,45.31,113.56,33.33,92.00,24.30,75.74,1395,1280,1090,243,WH-station1,2026-08-13T20:56:52.703-07:00
water_draw_3,2026-08-13T20:56:53.335-07:00,135.059,drawing,,open,9.0,7.328293,3.303333,45.31,113.56,33.33,92.00,24.20,75.56,1395,1280,1088,242,WH-station1,2026-08-13T20:56:53.208-07:00
water_draw_3,2026-08-13T20:56:53.840-07:00,135.564,drawing,,open,9.0,7.356210,3.318646,45.00,113.00,33.44,92.19,24.20,75.56,1392,1281,1091,242,WH-station1,2026-08-13T20:56:53.713-07:00
water_draw_3,2026-08-13T20:56:54.345-07:00,136.069,drawing,,open,9.0,7.384299,3.339063,45.42,113.75,33.02,91.44,24.30,75.74,1396,1277,1095,243,WH-station1,2026-08-13T20:56:54.217-07:00
water_draw_3,2026-08-13T20:56:54.850-07:00,136.574,drawing,,open,9.0,7.412308,3.328854,45.31,113.56,32.92,91.25,24.20,75.56,1395,1276,1093,242,WH-station1,2026-08-13T20:56:54.722-07:00
water_draw_3,2026-08-13T20:56:55.354-07:00,137.079,drawing,,open,9.0,7.440185,3.313542,45.21,113.38,32.92,91.25,24.20,75.56,1394,1276,1090,242,WH-station1,2026-08-13T20:56:55.227-07:00
water_draw_3,2026-08-13T20:56:55.859-07:00,137.583,drawing,,open,9.0,7.468400,3.354375,45.21,113.38,33.23,91.81,24.30,75.74,1394,1279,1098,243,WH-station1,2026-08-13T20:56:55.731-07:00
water_draw_3,2026-08-13T20:56:56.364-07:00,138.088,drawing,,open,9.0,7.496318,3.318646,45.21,113.38,33.02,91.44,24.20,75.56,1394,1277,1091,242,WH-station1,2026-08-13T20:56:56.236-07:00
water_draw_3,2026-08-13T20:56:56.869-07:00,138.593,drawing,,open,9.0,7.524579,3.359479,45.52,113.94,33.02,91.44,24.20,75.56,1397,1277,1099,242,WH-station1,2026-08-13T20:56:56.741-07:00
water_draw_3,2026-08-13T20:56:57.373-07:00,139.098,drawing,,open,9.0,7.552635,3.333958,45.31,113.56,32.92,91.25,24.20,75.56,1395,1276,1094,242,WH-station1,2026-08-13T20:56:57.245-07:00
water_draw_3,2026-08-13T20:56:57.879-07:00,139.602,drawing,,open,9.0,7.580725,3.339063,45.31,113.56,33.33,92.00,24.30,75.74,1395,1280,1095,243,WH-station1,2026-08-13T20:56:57.750-07:00
water_draw_3,2026-08-13T20:56:58.384-07:00,140.108,drawing,,open,9.0,7.608835,3.333958,45.31,113.56,33.23,91.81,24.20,75.56,1395,1279,1094,242,WH-station1,2026-08-13T20:56:58.255-07:00
water_draw_3,2026-08-13T20:56:58.890-07:00,140.613,drawing,,open,9.0,7.637095,3.359479,45.52,113.94,33.12,91.62,24.20,75.56,1397,1278,1099,242,WH-station1,2026-08-13T20:56:58.760-07:00
water_draw_3,2026-08-13T20:56:59.395-07:00,141.119,drawing,,open,9.0,7.665344,3.349271,45.31,113.56,32.92,91.25,24.20,75.56,1395,1276,1097,242,WH-station1,2026-08-13T20:56:59.264-07:00
water_draw_3,2026-08-13T20:56:59.901-07:00,141.624,drawing,,open,9.0,7.693302,3.323750,45.21,113.38,32.81,91.06,24.30,75.74,1394,1275,1092,243,WH-station1,2026-08-13T20:56:59.769-07:00
water_draw_3,2026-08-13T20:57:00.406-07:00,142.130,drawing,,open,9.0,7.721510,3.344167,45.21,113.38,32.81,91.06,24.20,75.56,1394,1275,1096,242,WH-station1,2026-08-13T20:57:00.275-07:00
water_draw_3,2026-08-13T20:57:00.908-07:00,142.635,drawing,,open,9.0,7.749558,3.333958,45.21,113.38,32.92,91.25,24.20,75.56,1394,1276,1094,242,WH-station1,2026-08-13T20:57:00.780-07:00
water_draw_3,2026-08-13T20:57:01.410-07:00,143.137,drawing,,open,9.0,7.777508,3.339063,45.21,113.38,33.23,91.81,24.20,75.56,1394,1279,1095,242,WH-station1,2026-08-13T20:57:01.285-07:00
water_draw_3,2026-08-13T20:57:01.912-07:00,143.639,drawing,,open,9.0,7.805573,3.354375,45.21,113.38,32.92,91.25,24.30,75.74,1394,1276,1098,243,WH-station1,2026-08-13T20:57:01.789-07:00
water_draw_3,2026-08-13T20:57:02.414-07:00,144.141,drawing,,open,9.0,7.833298,3.313542,45.42,113.75,33.12,91.62,24.30,75.74,1396,1278,1090,243,WH-station1,2026-08-13T20:57:02.294-07:00
water_draw_3,2026-08-13T20:57:02.916-07:00,144.643,drawing,,open,9.0,7.861232,3.339063,45.52,113.94,33.12,91.62,24.30,75.74,1397,1278,1095,243,WH-station1,2026-08-13T20:57:02.799-07:00
water_draw_3,2026-08-13T20:57:03.418-07:00,145.145,drawing,,open,9.0,7.889039,3.323750,45.21,113.38,33.12,91.62,24.30,75.74,1394,1278,1092,243,WH-station1,2026-08-13T20:57:03.304-07:00
water_draw_3,2026-08-13T20:57:03.920-07:00,145.647,drawing,,open,9.0,7.916932,3.333958,45.62,114.12,32.71,90.88,24.30,75.74,1398,1274,1094,243,WH-station1,2026-08-13T20:57:03.808-07:00
water_draw_3,2026-08-13T20:57:04.422-07:00,146.149,drawing,,open,9.0,7.944827,3.333958,45.21,113.38,32.81,91.06,24.40,75.92,1394,1275,1094,244,WH-station1,2026-08-13T20:57:04.313-07:00
water_draw_3,2026-08-13T20:57:04.924-07:00,146.651,drawing,,open,9.0,7.972723,3.333958,45.10,113.19,32.92,91.25,24.30,75.74,1393,1276,1094,243,WH-station1,2026-08-13T20:57:04.818-07:00
water_draw_3,2026-08-13T20:57:05.426-07:00,147.153,drawing,,open,9.0,8.000487,3.318646,45.52,113.94,32.81,91.06,24.30,75.74,1397,1275,1091,243,WH-station1,2026-08-13T20:57:05.323-07:00
water_draw_3,2026-08-13T20:57:05.931-07:00,147.655,drawing,,open,9.0,8.028426,3.339063,45.42,113.75,33.02,91.44,24.20,75.56,1396,1277,1095,242,WH-station1,2026-08-13T20:57:05.827-07:00
water_draw_3,2026-08-13T20:57:06.435-07:00,148.159,drawing,,open,9.0,8.056211,3.303333,45.52,113.94,32.92,91.25,24.20,75.56,1397,1276,1088,242,WH-station1,2026-08-13T20:57:06.332-07:00
water_draw_3,2026-08-13T20:57:06.940-07:00,148.664,drawing,,open,9.0,8.084125,3.318646,45.21,113.38,32.92,91.25,24.20,75.56,1394,1276,1091,242,WH-station1,2026-08-13T20:57:06.837-07:00
water_draw_3,2026-08-13T20:57:07.445-07:00,149.169,drawing,,open,9.0,8.112254,3.344167,45.42,113.75,32.92,91.25,24.20,75.56,1396,1276,1096,242,WH-station1,2026-08-13T20:57:07.342-07:00
water_draw_3,2026-08-13T20:57:07.949-07:00,149.674,drawing,,open,9.0,8.140084,3.308438,45.42,113.75,32.81,91.06,24.40,75.92,1396,1275,1089,244,WH-station1,2026-08-13T20:57:07.846-07:00
water_draw_3,2026-08-13T20:57:08.454-07:00,150.178,drawing,,open,9.0,8.168174,3.339063,45.31,113.56,32.92,91.25,24.20,75.56,1395,1276,1095,242,WH-station1,2026-08-13T20:57:08.351-07:00
water_draw_3,2026-08-13T20:57:08.959-07:00,150.683,drawing,,open,9.0,8.196217,3.333958,45.52,113.94,32.92,91.25,24.20,75.56,1397,1276,1094,242,WH-station1,2026-08-13T20:57:08.856-07:00
water_draw_3,2026-08-13T20:57:09.463-07:00,151.188,drawing,,open,9.0,8.224263,3.333958,45.62,114.12,32.81,91.06,24.20,75.56,1398,1275,1094,242,WH-station1,2026-08-13T20:57:09.360-07:00
water_draw_3,2026-08-13T20:57:09.968-07:00,151.692,drawing,,open,9.0,8.252478,3.354375,45.21,113.38,33.33,92.00,24.30,75.74,1394,1280,1098,243,WH-station1,2026-08-13T20:57:09.865-07:00
water_draw_3,2026-08-13T20:57:10.473-07:00,152.197,drawing,,open,9.0,8.280691,3.354375,45.21,113.38,32.60,90.69,24.20,75.56,1394,1273,1098,242,WH-station1,2026-08-13T20:57:10.370-07:00
water_draw_3,2026-08-13T20:57:10.978-07:00,152.702,drawing,,open,9.0,8.308784,3.339063,45.31,113.56,32.92,91.25,24.30,75.74,1395,1276,1095,243,WH-station1,2026-08-13T20:57:10.874-07:00
water_draw_3,2026-08-13T20:57:11.482-07:00,153.207,drawing,,open,9.0,8.336877,3.339063,45.52,113.94,32.81,91.06,24.30,75.74,1397,1275,1095,243,WH-station1,2026-08-13T20:57:11.379-07:00
water_draw_3,2026-08-13T20:57:11.987-07:00,153.711,drawing,,open,9.0,8.365223,3.369687,45.42,113.75,32.81,91.06,24.20,75.56,1396,1275,1101,242,WH-station1,2026-08-13T20:57:11.884-07:00
water_draw_3,2026-08-13T20:57:12.492-07:00,154.216,drawing,,open,9.0,8.393312,3.339063,45.42,113.75,32.81,91.06,24.20,75.56,1396,1275,1095,242,WH-station1,2026-08-13T20:57:12.389-07:00
water_draw_3,2026-08-13T20:57:12.997-07:00,154.721,drawing,,open,9.0,8.421356,3.333958,45.42,113.75,32.81,91.06,24.10,75.38,1396,1275,1094,241,WH-station1,2026-08-13T20:57:12.893-07:00
water_draw_3,2026-08-13T20:57:13.501-07:00,155.226,drawing,,open,9.0,8.449490,3.344167,45.42,113.75,32.50,90.50,24.20,75.56,1396,1272,1096,242,WH-station1,2026-08-13T20:57:13.398-07:00
water_draw_3,2026-08-13T20:57:14.006-07:00,155.730,drawing,,open,9.0,8.477535,3.333958,45.31,113.56,32.81,91.06,24.30,75.74,1395,1275,1094,243,WH-station1,2026-08-13T20:57:13.903-07:00
water_draw_3,2026-08-13T20:57:14.511-07:00,156.235,drawing,,open,9.0,8.505837,3.364583,45.31,113.56,32.81,91.06,24.30,75.74,1395,1275,1100,243,WH-station1,2026-08-13T20:57:14.407-07:00
water_draw_3,2026-08-13T20:57:15.015-07:00,156.740,drawing,,open,9.0,8.534012,3.349271,45.31,113.56,33.02,91.44,24.20,75.56,1395,1277,1097,242,WH-station1,2026-08-13T20:57:14.912-07:00
water_draw_3,2026-08-13T20:57:15.520-07:00,157.244,drawing,,open,9.0,8.562145,3.344167,45.42,113.75,32.71,90.88,24.20,75.56,1396,1274,1096,242,WH-station1,2026-08-13T20:57:15.417-07:00
water_draw_3,2026-08-13T20:57:16.025-07:00,157.749,drawing,,open,9.0,8.590147,3.328854,45.42,113.75,32.81,91.06,24.20,75.56,1396,1275,1093,242,WH-station1,2026-08-13T20:57:15.922-07:00
water_draw_3,2026-08-13T20:57:16.530-07:00,158.254,drawing,,open,9.0,8.618154,3.328854,45.31,113.56,32.71,90.88,24.20,75.56,1395,1274,1093,242,WH-station1,2026-08-13T20:57:16.426-07:00
water_draw_3,2026-08-13T20:57:17.034-07:00,158.759,drawing,,open,9.0,8.646113,3.323750,45.52,113.94,32.92,91.25,24.20,75.56,1397,1276,1092,242,WH-station1,2026-08-13T20:57:16.931-07:00
water_draw_3,2026-08-13T20:57:17.539-07:00,159.263,drawing,,open,9.0,8.674156,3.333958,45.52,113.94,32.92,91.25,24.10,75.38,1397,1276,1094,241,WH-station1,2026-08-13T20:57:17.436-07:00
water_draw_3,2026-08-13T20:57:18.044-07:00,159.768,drawing,,open,9.0,8.702068,3.318646,45.31,113.56,32.81,91.06,24.30,75.74,1395,1275,1091,243,WH-station1,2026-08-13T20:57:17.941-07:00
water_draw_3,2026-08-13T20:57:18.548-07:00,160.273,drawing,,open,9.0,8.730111,3.333958,45.42,113.75,32.71,90.88,24.20,75.56,1396,1274,1094,242,WH-station1,2026-08-13T20:57:18.445-07:00
water_draw_3,2026-08-13T20:57:19.053-07:00,160.777,drawing,,open,9.0,8.758153,3.333958,45.31,113.56,32.71,90.88,24.10,75.38,1395,1274,1094,241,WH-station1,2026-08-13T20:57:18.950-07:00
water_draw_3,2026-08-13T20:57:19.558-07:00,161.282,drawing,,open,9.0,8.786159,3.328854,45.42,113.75,32.92,91.25,24.20,75.56,1396,1276,1093,242,WH-station1,2026-08-13T20:57:19.455-07:00
water_draw_3,2026-08-13T20:57:20.063-07:00,161.787,drawing,,open,9.0,8.814118,3.323750,45.31,113.56,32.71,90.88,24.20,75.56,1395,1274,1092,242,WH-station1,2026-08-13T20:57:19.959-07:00
water_draw_3,2026-08-13T20:57:20.567-07:00,162.292,drawing,,open,9.0,8.842205,3.339063,45.21,113.38,32.92,91.25,24.30,75.74,1394,1276,1095,243,WH-station1,2026-08-13T20:57:20.464-07:00
water_draw_3,2026-08-13T20:57:21.072-07:00,162.796,drawing,,open,9.0,8.870204,3.328854,45.31,113.56,32.71,90.88,24.20,75.56,1395,1274,1093,242,WH-station1,2026-08-13T20:57:20.969-07:00
water_draw_3,2026-08-13T20:57:21.577-07:00,163.301,drawing,,open,9.0,8.898161,3.323750,45.21,113.38,32.92,91.25,24.20,75.56,1394,1276,1092,242,WH-station1,2026-08-13T20:57:21.474-07:00
water_draw_3,2026-08-13T20:57:22.081-07:00,163.806,drawing,,open,9.0,8.926080,3.318646,45.31,113.56,32.81,91.06,24.10,75.38,1395,1275,1091,241,WH-station1,2026-08-13T20:57:21.978-07:00
water_draw_3,2026-08-13T20:57:22.586-07:00,164.310,drawing,,open,9.0,8.953911,3.308438,45.21,113.38,32.60,90.69,24.20,75.56,1394,1273,1089,242,WH-station1,2026-08-13T20:57:22.483-07:00
water_draw_3,2026-08-13T20:57:23.091-07:00,164.815,drawing,,open,9.0,8.981870,3.323750,45.10,113.19,32.60,90.69,24.30,75.74,1393,1273,1092,243,WH-station1,2026-08-13T20:57:22.987-07:00
water_draw_3,2026-08-13T20:57:23.596-07:00,165.320,drawing,,open,9.0,9.010045,3.349271,45.10,113.19,32.92,91.25,24.30,75.74,1393,1276,1097,243,WH-station1,2026-08-13T20:57:23.492-07:00
water_draw_3,2026-08-13T20:57:23.600-07:00,165.329,completed,target_reached,closed,9.0,9.010045,3.349271,45.10,113.19,32.92,91.25,24.30,75.74,1393,1276,1097,243,WH-station1,2026-08-13T20:57:23.492-07:00
